,Unnamed: 0,School,Cases,County,State,Date
1025,1025,Alabama A&M University,8,Huntsville,Alabama,09-09-2020
1026,1026,Athens State University,2,Athens,Alabama,09-09-2020
1027,1027,Auburn University*,"1,074",Auburn,Alabama,09-09-2020
1028,1028,Auburn University at Montgomery,2,Montgomery,Alabama,09-09-2020
1029,1029,Jacksonville State University,219,Jacksonville,Alabama,09-09-2020
1030,1030,Samford University,95,Birmingham,Alabama,09-09-2020
1031,1031,Troy University,40,Troy,Alabama,09-09-2020
1032,1032,Troy University Dothan,6,Dothan,Alabama,09-09-2020
1033,1033,Troy University Montgomery,3,Montgomery,Alabama,09-09-2020
1034,1034,Troy University-Phenix City Campus,5,Phenix,Alabama,09-09-2020
1035,1035,Tuskegee University,24,Tuskeegee,Alabama,09-09-2020
1036,1036,University of Alabama,"1,367",Tuscaloosa,Alabama,09-09-2020
1037,1037,University of Alabama at Birmingham*,"1,027",Birmingham,Alabama,09-09-2020
1038,1038,University of Alabama in Huntsville,17,Huntsville,Alabama,09-09-2020
1039,1039,University of Montevallo,35,Montevallo,Alabama,09-09-2020
1040,1040,University of North Alabama,63,Florence,Alabama,09-09-2020
1041,1041,University of South Alabama,106,Mobile,Alabama,09-09-2020
1042,1042,University of Alaska Anchorage,3,Anchorage,Alaska,09-09-2020
1043,1043,University of Alaska Fairbanks,30,Fairbanks,Alaska,09-09-2020
1044,1044,University of Alaska Southeast,1,Juneau,Alaska,09-09-2020
1045,1045,Arizona State University,375,Tempe,Arizona,09-09-2020
1046,1046,Embry-Riddle Aeronautical University at Prescott,11,Prescott,Arizona,09-09-2020
1047,1047,Grand Canyon University,43,Phoenix,Arizona,09-09-2020
1048,1048,Midwestern University at Glendale,54,Glendale,Arizona,09-09-2020
1049,1049,Northern Arizona University,19,Flagstaff,Arizona,09-09-2020
1050,1050,University of Arizona,142,Tucson,Arizona,09-09-2020
1051,1051,Arkansas State University,41,Jonesboro,Arkansas,09-09-2020
1052,1052,Arkansas Tech University,6,Russellville,Arkansas,09-09-2020
1053,1053,Harding University,1,Searcy,Arkansas,09-09-2020
1054,1054,Henderson State University,14,Arkadelphia,Arkansas,09-09-2020
1055,1055,Hendrix College,1,Conway,Arkansas,09-09-2020
1056,1056,John Brown University,18,Siloam Springs,Arkansas,09-09-2020
1057,1057,Lyon College,4,Batesville,Arkansas,09-09-2020
1058,1058,National Park College,2,Hot Springs,Arkansas,09-09-2020
1059,1059,NorthWest Arkansas Community College,2,Bentonville,Arkansas,09-09-2020
1060,1060,Southern Arkansas University,70,Magnolia,Arkansas,09-09-2020
1061,1061,University of Arkansas,41,Fayetteville,Arkansas,09-09-2020
1062,1062,University of Arkansas Community College Rich Mountain,2,Mena,Arkansas,09-09-2020
1063,1063,University of Arkansas at Pine Bluff,24,Pine Bluff,Arkansas,09-09-2020
1064,1064,University of Central Arkansas,23,Conway,Arkansas,09-09-2020
1065,1065,University of the Ozarks,30,Clarksville,Arkansas,09-09-2020
1066,1066,Antelope Valley College,5,Lancaster,California,09-09-2020
1067,1067,Biola University,2,La Mirada,California,09-09-2020
1068,1068,California Institute of Technology,21,Pasadena,California,09-09-2020
1069,1069,California Lutheran University,4,Thousand Oaks,California,09-09-2020
1070,1070,"California Polytechnic State University, San Luis Obispo",57,San Luis Obispo,California,09-09-2020
1071,1071,"California State Polytechnic University, Pomona",12,Pomona,California,09-09-2020
1072,1072,California State University Maritime Academy,3,Vallejo,California,09-09-2020
1073,1073,"California State University, Bakersfield",3,Bakersfield,California,09-09-2020
1074,1074,"California State University, Channel Islands",1,Camarillo,California,09-09-2020
1075,1075,"California State University, Chico",78,Chico,California,09-09-2020
1076,1076,"California State University, Dominguez Hills",8,Carson,California,09-09-2020
1077,1077,"California State University, East Bay",16,Hayward,California,09-09-2020
1078,1078,"California State University, Long Beach",71,Long Beach,California,09-09-2020
1079,1079,"California State University, Los Angeles",65,Los Angeles,California,09-09-2020
1080,1080,"California State University, Monterey Bay",2,Marina,California,09-09-2020
1081,1081,"California State University, Northridge",26,Los Angeles,California,09-09-2020
1082,1082,"California State University, Sacramento",20,Sacramento,California,09-09-2020
1083,1083,"California State University, San Bernardino",4,San Bernardino,California,09-09-2020
1084,1084,"California State University, San Marcos",7,San Marcos,California,09-09-2020
1085,1085,Concordia University Irvine,2,Irvine,California,09-09-2020
1086,1086,Cypress College,8,Cypress,California,09-09-2020
1087,1087,Fresno State University,20,Fresno,California,09-09-2020
1088,1088,Harvey Mudd College,5,Claremont,California,09-09-2020
1089,1089,Holy Names University,1,Oakland,California,09-09-2020
1090,1090,Humboldt State University,7,Arcata,California,09-09-2020
1091,1091,Los Angeles Community College District,161,Los Angeles,California,09-09-2020
1092,1092,Loyola Marymount University,1,Los Angeles,California,09-09-2020
1093,1093,Menlo College,3,Atherton,California,09-09-2020
1094,1094,Occidental College,5,Los Angeles,California,09-09-2020
1095,1095,Pepperdine University,21,Malibu,California,09-09-2020
1096,1096,Rio Hondo College,8,Whittier,California,09-09-2020
1097,1097,Saint Mary's College of California,8,Moraga,California,09-09-2020
1098,1098,San Diego State University System,32,San Diego,California,09-09-2020
1099,1099,San Francisco State University,4,San Francisco,California,09-09-2020
1100,1100,San Jose State University,41,San Jose,California,09-09-2020
1101,1101,Santa Clara University,11,Santa Clara,California,09-09-2020
1102,1102,Santa Monica College,15,Santa Monica,California,09-09-2020
1103,1103,Scripps College,1,Claremont,California,09-09-2020
1104,1104,Shasta College,1,Redding,California,09-09-2020
1105,1105,Stanford University*,136,Stanford,California,09-09-2020
1106,1106,"University of California, Berkeley",146,Berkeley,California,09-09-2020
1107,1107,"University of California, Davis",70,Davis,California,09-09-2020
1108,1108,"University of California, Hastings College of Law",1,San Francisco,California,09-09-2020
1109,1109,"University of California, Irvine",97,Irvine,California,09-09-2020
1110,1110,"University of California, Los Angeles",126,Los Angeles,California,09-09-2020
1111,1111,"University of California, Merced",1,Merced,California,09-09-2020
1112,1112,"University of California, Riverside",56,Riverside,California,09-09-2020
1113,1113,"University of California, San Diego*",252,San Diego,California,09-09-2020
1114,1114,"University of California, Santa Barbara",11,Santa Barbara,California,09-09-2020
1115,1115,"University of California, Santa Cruz",16,Santa Cruz,California,09-09-2020
1116,1116,University of Redlands,5,Redlands,California,09-09-2020
1117,1117,University of San Diego,1,San Diego,California,09-09-2020
1118,1118,University of San Francisco,6,San Francisco,California,09-09-2020
1119,1119,University of Southern California,256,Los Angeles,California,09-09-2020
1120,1120,Adams State University,2,Alamosa,Colorado,09-09-2020
1121,1121,Arapahoe Community College,3,Littleton,Colorado,09-09-2020
1122,1122,Colorado Christian University,1,Lakewood,Colorado,09-09-2020
1123,1123,Colorado College,6,Colorado Springs,Colorado,09-09-2020
1124,1124,Colorado School of Mines,15,Golden,Colorado,09-09-2020
1125,1125,Colorado State University,100,Fort Collins,Colorado,09-09-2020
1126,1126,Fort Lewis College,18,Durango,Colorado,09-09-2020
1127,1127,Front Range Community College,2,Westminster,Colorado,09-09-2020
1128,1128,Metropolitan State University of Denver,4,Denver,Colorado,09-09-2020
1129,1129,Pikes Peak Community College,2,Colorado Springs,Colorado,09-09-2020
1130,1130,Regis University,1,Denver,Colorado,09-09-2020
1131,1131,University of Colorado Boulder,68,Boulder,Colorado,09-09-2020
1132,1132,University of Colorado Colorado Springs,3,Colorado Springs,Colorado,09-09-2020
1133,1133,University of Colorado Denver and Anschutz Medical Campus,1,Aurora,Colorado,09-09-2020
1134,1134,University of Denver,14,Denver,Colorado,09-09-2020
1135,1135,University of Northern Colorado,16,Greeley,Colorado,09-09-2020
1136,1136,Western Colorado University,12,Gunnison,Colorado,09-09-2020
1137,1137,Central Connecticut State University,30,New Britain,Connecticut,09-09-2020
1138,1138,Connecticut College,1,New London,Connecticut,09-09-2020
1139,1139,Sacred Heart University,6,Fairfield,Connecticut,09-09-2020
1140,1140,Trinity College,1,Hartford,Connecticut,09-09-2020
1141,1141,United States Coast Guard Academy,9,New London,Connecticut,09-09-2020
1142,1142,University of Connecticut*,186,Storrs,Connecticut,09-09-2020
1143,1143,University of Hartford,1,West Hartford,Connecticut,09-09-2020
1144,1144,Wesleyan University,1,MIddletown,Connecticut,09-09-2020
1145,1145,Yale University,126,New Haven,Connecticut,09-09-2020
1146,1146,Delaware State University,23,Dover,Delaware,09-09-2020
1147,1147,Delaware Technical Community College Dover,2,Dover,Delaware,09-09-2020
1148,1148,Delaware Technical Community College Georgetown,6,Georgetown,Delaware,09-09-2020
1149,1149,Delaware Technical Community College Stanton,3,Stanton,Delaware,09-09-2020
1150,1150,University of Delaware,30,Newark,Delaware,09-09-2020
1151,1151,Barry University,1,Miami,Florida,09-09-2020
1152,1152,Eckerd College,1,Saint Petersburg,Florida,09-09-2020
1153,1153,Embry-Riddle Aeronautical University at Daytona Beach,36,Daytona Beach,Florida,09-09-2020
1154,1154,Flagler College,1,St. Augustine,Florida,09-09-2020
1155,1155,Florida A&M University,9,Tallahassee,Florida,09-09-2020
1156,1156,Florida Atlantic University,6,Boca Raton,Florida,09-09-2020
1157,1157,Florida College,30,Temple Terrace,Florida,09-09-2020
1158,1158,Florida Gulf Coast University,18,Fort Myers,Florida,09-09-2020
1159,1159,Florida Institute of Technology,14,Melbourne,Florida,09-09-2020
1160,1160,Florida International University,139,Miami,Florida,09-09-2020
1161,1161,Florida Polytechnic University,9,Lakeland,Florida,09-09-2020
1162,1162,Florida State College at Jacksonville,14,Jacksonville,Florida,09-09-2020
1163,1163,Florida State University,129,Tallahassee,Florida,09-09-2020
1164,1164,Jacksonville University,16,Jacksonville,Florida,09-09-2020
1165,1165,Miami Dade College,122,Miami,Florida,09-09-2020
1166,1166,New College of Florida,2,Sarasota,Florida,09-09-2020
1167,1167,North Florida College,6,Madison,Florida,09-09-2020
1168,1168,Northwest Florida State College,8,Niceville,Florida,09-09-2020
1169,1169,Nova Southeastern University,1,Fort Lauderdale,Florida,09-09-2020
1170,1170,Palm Beach Atlantic University,20,West Palm Beach,Florida,09-09-2020
1171,1171,Polk State College,26,Winter Haven,Florida,09-09-2020
1172,1172,Rollins College,1,Winter Park,Florida,09-09-2020
1173,1173,South Florida State College,9,Avon Park,Florida,09-09-2020
1174,1174,St. Petersburg College,18,St. Petersburg,Florida,09-09-2020
1175,1175,"State College of Florida, Manatee-Sarasota",23,Bradenton,Florida,09-09-2020
1176,1176,Stetson University,30,DeLand,Florida,09-09-2020
1177,1177,University of Central Florida,754,Orlando,Florida,09-09-2020
1178,1178,University of Florida,196,Gainesville,Florida,09-09-2020
1179,1179,University of Miami*,197,Miami,Florida,09-09-2020
1180,1180,University of North Florida,35,Jacksonville,Florida,09-09-2020
1181,1181,University of South Florida*,238,Tampa,Florida,09-09-2020
1182,1182,University of South Florida Sarasota-Manatee,5,Sarasota,Florida,09-09-2020
1183,1183,"University of South Florida, St. Petersburg",12,St. Petersburg,Florida,09-09-2020
1184,1184,University of Tampa,4,Tampa,Florida,09-09-2020
1185,1185,University of West Florida,70,Pensacola,Florida,09-09-2020
1186,1186,Valencia College,21,Orlando,Florida,09-09-2020
1187,1187,Abraham Baldwin Agricultural College,35,Tifton,Georgia,09-09-2020
1188,1188,Agnes Scott College,1,Decatur,Georgia,09-09-2020
1189,1189,Albany State University,37,Albany,Georgia,09-09-2020
1190,1190,Augusta University,115,Augusta,Georgia,09-09-2020
1191,1191,Berry College,29,Mount Berry,Georgia,09-09-2020
1192,1192,Clayton State University,48,Morrow,Georgia,09-09-2020
1193,1193,College of Coastal Georgia,35,Brunswick,Georgia,09-09-2020
1194,1194,Dalton State College,9,Dalton,Georgia,09-09-2020
1195,1195,East Georgia State College,15,Swainsboro,Georgia,09-09-2020
1196,1196,Emory University,112,Atlanta,Georgia,09-09-2020
1197,1197,Fort Valley State University,26,Fort Valley,Georgia,09-09-2020
1198,1198,Georgia College & State University,594,Milledgeville,Georgia,09-09-2020
1199,1199,Georgia Gwinnett College,43,Lawrenceville,Georgia,09-09-2020
1200,1200,Georgia Highlands College,14,Rome,Georgia,09-09-2020
1201,1201,Georgia Institute of Technology,532,Atlanta,Georgia,09-09-2020
1202,1202,Georgia Military College,1,Milledgeville,Georgia,09-09-2020
1203,1203,Georgia Southern University,638,Statesboro,Georgia,09-09-2020
1204,1204,Georgia Southwestern State University,16,Americus,Georgia,09-09-2020
1205,1205,Georgia State University,107,Atlanta,Georgia,09-09-2020
1206,1206,LaGrange College,1,LaGrange,Georgia,09-09-2020
1207,1207,Mercer University,135,Macon,Georgia,09-09-2020
1208,1208,Middle Georgia State University,51,Macon,Georgia,09-09-2020
1209,1209,South Georgia State College,4,Douglas,Georgia,09-09-2020
1210,1210,University of Georgia,698,Athens,Georgia,09-09-2020
1211,1211,University of North Georgia,242,Dahlonega,Georgia,09-09-2020
1212,1212,University of West Georgia,93,Carrollton,Georgia,09-09-2020
1213,1213,Valdosta State University,51,Valdosta,Georgia,09-09-2020
1214,1214,Wesleyan College,10,Macon,Georgia,09-09-2020
1215,1215,Hawaii Pacific University,1,Honolulu,Hawaii,09-09-2020
1216,1216,Kapiolani Community College,2,Honolulu,Hawaii,09-09-2020
1217,1217,Leeward Community College,3,Pearl City,Hawaii,09-09-2020
1218,1218,University of Hawaii Maui College,1,Kahului,Hawaii,09-09-2020
1219,1219,University of Hawaii at Manoa,7,Honolulu,Hawaii,09-09-2020
1220,1220,Boise State University,50,Boise,Idaho,09-09-2020
1221,1221,Brigham Young University-Idaho,1,Rexburg,Idaho,09-09-2020
1222,1222,College of Idaho,22,Caldwell,Idaho,09-09-2020
1223,1223,College of Southern Idaho,3,Twin Falls,Idaho,09-09-2020
1224,1224,Idaho State University,44,Pocatello,Idaho,09-09-2020
1225,1225,Lewis-Clark State College,2,Lewiston,Idaho,09-09-2020
1226,1226,Northwest Nazarene University,1,Nampa,Idaho,09-09-2020
1227,1227,University of Idaho,83,Moscow,Idaho,09-09-2020
1228,1228,Aurora University,1,Aurora,Illinois,09-09-2020
1229,1229,Bradley University,21,Peoria,Illinois,09-09-2020
1230,1230,Chicago State University,17,Chicago,Illinois,09-09-2020
1231,1231,Concordia University Chicago,1,River Forest,Illinois,09-09-2020
1232,1232,DePaul University,1,Chicago,Illinois,09-09-2020
1233,1233,Dominican University,1,River Forest,Illinois,09-09-2020
1234,1234,Eastern Illinois University,70,Charleston,Illinois,09-09-2020
1235,1235,Elmhurst College,8,Elmhurst,Illinois,09-09-2020
1236,1236,Eureka College,1,Eureka,Illinois,09-09-2020
1237,1237,Governors State University,3,University Park,Illinois,09-09-2020
1238,1238,Greenville University,9,Greenville,Illinois,09-09-2020
1239,1239,Illinois Institute of Technology,30,Chicago,Illinois,09-09-2020
1240,1240,Illinois State University,"1,029",Normal,Illinois,09-09-2020
1241,1241,Illinois Wesleyan University,40,Bloomington,Illinois,09-09-2020
1242,1242,Lake Forest College,1,Lake Forest,Illinois,09-09-2020
1243,1243,Lewis University,1,Romeoville,Illinois,09-09-2020
1244,1244,Loyola University Chicago,1,Chicago,Illinois,09-09-2020
1245,1245,McKendree University,28,Lebanon,Illinois,09-09-2020
1246,1246,Midwestern University at Downers Grove,30,Downers Grove,Illinois,09-09-2020
1247,1247,Millikin University,3,Decatur,Illinois,09-09-2020
1248,1248,Monmouth College,3,Monmouth,Illinois,09-09-2020
1249,1249,North Central College,18,Naperville,Illinois,09-09-2020
1250,1250,North Park University,4,Chicago,Illinois,09-09-2020
1251,1251,Northeastern Illinois University,39,Chicago,Illinois,09-09-2020
1252,1252,Northern Illinois University,11,Dekalb,Illinois,09-09-2020
1253,1253,Northwestern University,59,Evanston,Illinois,09-09-2020
1254,1254,Olivet Nazarene University,9,Bourbonnais,Illinois,09-09-2020
1255,1255,Principia College,1,Elsah,Illinois,09-09-2020
1256,1256,Quincy University,3,Quincy,Illinois,09-09-2020
1257,1257,Saint Xavier University,4,Chicago,Illinois,09-09-2020
1258,1258,School of the Art Institute of Chicago,1,Chicago,Illinois,09-09-2020
1259,1259,Southern Illinois University Carbondale,6,Carbondale,Illinois,09-09-2020
1260,1260,Southern Illinois University Edwardsville,1,Edwardsville,Illinois,09-09-2020
1261,1261,University of Chicago,49,Chicago,Illinois,09-09-2020
1262,1262,University of Illinois Springfield,15,Springfield,Illinois,09-09-2020
1263,1263,University of Illinois Urbana-Champaign,772,Champaign,Illinois,09-09-2020
1264,1264,University of Illinois at Chicago,54,Chicago,Illinois,09-09-2020
1265,1265,Western Illinois University,32,Macomb,Illinois,09-09-2020
1266,1266,Wheaton College,3,Wheaton,Illinois,09-09-2020
1267,1267,Ball State University,590,Muncie,Indiana,09-09-2020
1268,1268,Butler University,53,Indianapolis,Indiana,09-09-2020
1269,1269,DePauw University,30,Greencastle,Indiana,09-09-2020
1270,1270,Goshen College,1,Goshen,Indiana,09-09-2020
1271,1271,Indiana State University,20,Terre Haute,Indiana,09-09-2020
1272,1272,Indiana University Bloomington,12,Bloomington,Indiana,09-09-2020
1273,1273,Purdue University,145,West Lafayette,Indiana,09-09-2020
1274,1274,Purdue University Fort Wayne,1,Fort Wayne,Indiana,09-09-2020
1275,1275,Purdue University Northwest,7,Hammond,Indiana,09-09-2020
1276,1276,Saint Mary's College,34,Notre Dame,Indiana,09-09-2020
1277,1277,Taylor University,3,Upland,Indiana,09-09-2020
1278,1278,Trine University,11,Angola,Indiana,09-09-2020
1279,1279,University of Evansville,14,Evansville,Indiana,09-09-2020
1280,1280,University of Notre Dame,579,Notre Dame,Indiana,09-09-2020
1281,1281,University of Southern Indiana,31,Evansville,Indiana,09-09-2020
1282,1282,Valparaiso University,9,Valparaiso,Indiana,09-09-2020
1283,1283,Wabash College,3,Crawfordsville,Indiana,09-09-2020
1284,1284,Clarke University,11,Dubuque,Iowa,09-09-2020
1285,1285,Coe College,24,Cedar Rapids,Iowa,09-09-2020
1286,1286,Dordt University,9,Sioux Center,Iowa,09-09-2020
1287,1287,Graceland University,7,Lamoni,Iowa,09-09-2020
1288,1288,Iowa State University,852,Ames,Iowa,09-09-2020
1289,1289,Iowa Wesleyan University,36,Mount Pleasant,Iowa,09-09-2020
1290,1290,Luther College,3,Decorah,Iowa,09-09-2020
1291,1291,Morningside College,4,Sioux City,Iowa,09-09-2020
1292,1292,Northwestern College,17,Orange City,Iowa,09-09-2020
1293,1293,Simpson College,7,Indianola,Iowa,09-09-2020
1294,1294,University of Iowa,962,Iowa City,Iowa,09-09-2020
1295,1295,University of Northern Iowa,78,Cedar Falls,Iowa,09-09-2020
1296,1296,Upper Iowa University,9,Fayette,Iowa,09-09-2020
1297,1297,Wartburg College,7,Waverly,Iowa,09-09-2020
1298,1298,William Penn University,30,Oskaloosa,Iowa,09-09-2020
1299,1299,Baker University,24,Baldwin City,Kansas,09-09-2020
1300,1300,Benedictine College,43,Atchison,Kansas,09-09-2020
1301,1301,Bethel College,54,North Newton,Kansas,09-09-2020
1302,1302,Butler Community College,27,El Dorado,Kansas,09-09-2020
1303,1303,Central Christian College,8,McPherson,Kansas,09-09-2020
1304,1304,Emporia State University,18,Emporia,Kansas,09-09-2020
1305,1305,Fort Hays State University,33,Hays,Kansas,09-09-2020
1306,1306,Johnson County Community College,26,Overland Park,Kansas,09-09-2020
1307,1307,Kansas State University,409,Manhattan,Kansas,09-09-2020
1308,1308,Kansas Wesleyan University,5,Salina,Kansas,09-09-2020
1309,1309,Labette Community College,5,Parsons,Kansas,09-09-2020
1310,1310,Newman University,4,Whichita,Kansas,09-09-2020
1311,1311,Pittsburg State University,96,Pittsburg,Kansas,09-09-2020
1312,1312,University of Kansas,540,Lawrence,Kansas,09-09-2020
1313,1313,Washburn University,30,Topeka,Kansas,09-09-2020
1314,1314,Wichita State University,35,Wichita,Kansas,09-09-2020
1315,1315,Alice Lloyd College,9,Pippa Passes,Kentucky,09-09-2020
1316,1316,Asbury University,2,Wilmore,Kentucky,09-09-2020
1317,1317,Bellarmine University,10,Louisville,Kentucky,09-09-2020
1318,1318,Berea College,2,Berea,Kentucky,09-09-2020
1319,1319,Big Sandy Community and Technical College,1,Prestonsburg,Kentucky,09-09-2020
1320,1320,Campbellsville University,7,Campbellsville,Kentucky,09-09-2020
1321,1321,Centre College,7,Danville,Kentucky,09-09-2020
1322,1322,Eastern Kentucky University,56,Richmond,Kentucky,09-09-2020
1323,1323,Elizabethtown Community and Technical College,3,Elizabethtown,Kentucky,09-09-2020
1324,1324,Georgetown College,27,Georgetown,Kentucky,09-09-2020
1325,1325,Henderson Community College,2,Henderson,Kentucky,09-09-2020
1326,1326,Kentucky State University,5,Frankfort,Kentucky,09-09-2020
1327,1327,Kentucky Wesleyan College,13,Owensboro,Kentucky,09-09-2020
1328,1328,Madisonville Community College,1,Madisonville,Kentucky,09-09-2020
1329,1329,Morehead State University,38,Morehead,Kentucky,09-09-2020
1330,1330,Murray State University,43,Murray,Kentucky,09-09-2020
1331,1331,Northern Kentucky University,3,Highland Heights,Kentucky,09-09-2020
1332,1332,Southcentral Kentucky Community and Technical College,6,Bowling Green,Kentucky,09-09-2020
1333,1333,Spalding University,1,Louisville,Kentucky,09-09-2020
1334,1334,Thomas More University,6,Crestview Hills,Kentucky,09-09-2020
1335,1335,Transylvania University,30,Lexington,Kentucky,09-09-2020
1336,1336,Union College,33,Barbourville,Kentucky,09-09-2020
1337,1337,University of Kentucky,760,Lexington,Kentucky,09-09-2020
1338,1338,University of Louisville,124,Louisville,Kentucky,09-09-2020
1339,1339,University of Pikeville,8,Pikeville,Kentucky,09-09-2020
1340,1340,University of the Cumberlands,3,Williamsburg,Kentucky,09-09-2020
1341,1341,West Kentucky Community and Technical College,3,Paducah,Kentucky,09-09-2020
1342,1342,Western Kentucky University,299,Bowling Green,Kentucky,09-09-2020
1343,1343,Centenary College of Louisiana,20,Shreveport,Louisiana,09-09-2020
1344,1344,Grambling State University,8,Grambling,Louisiana,09-09-2020
1345,1345,Louisiana State University,47,Baton Rouge,Louisiana,09-09-2020
1346,1346,Louisiana State University Alexandria,9,Alexandria,Louisiana,09-09-2020
1347,1347,"Louisiana State University Health Sciences Center, New Orleans*",232,New Orleans,Louisiana,09-09-2020
1348,1348,"Louisiana State University Health Sciences Center, Shreveport*",1,Shreveport,Louisiana,09-09-2020
1349,1349,Louisiana Tech University,25,Ruston,Louisiana,09-09-2020
1350,1350,Loyola University New Orleans,19,New Orleans,Louisiana,09-09-2020
1351,1351,Nicholls State University,60,Thibodaux,Louisiana,09-09-2020
1352,1352,Northwestern State University of Louisiana,30,Natchitoches,Louisiana,09-09-2020
1353,1353,Southeastern Louisiana University,1,Hammond,Louisiana,09-09-2020
1354,1354,Southern University Law Center,7,Baton Rouge,Louisiana,09-09-2020
1355,1355,Southern University and A&M College,42,Baton Rouge,Louisiana,09-09-2020
1356,1356,Southern University at New Orleans,15,New Orleans,Louisiana,09-09-2020
1357,1357,Tulane University of Louisiana,155,New Orleans,Louisiana,09-09-2020
1358,1358,University of Louisiana Monroe,15,Monroe,Louisiana,09-09-2020
1359,1359,University of Louisiana at Lafayette,6,Lafeyette,Louisiana,09-09-2020
1360,1360,University of New Orleans,8,New Orleans,Louisiana,09-09-2020
1361,1361,Bates College,3,Lewiston,Maine,09-09-2020
1362,1362,Colby College,7,Waterville,Maine,09-09-2020
1363,1363,Maine Maritime Academy,1,Castine,Maine,09-09-2020
1364,1364,University of Maine,6,Orono,Maine,09-09-2020
1365,1365,University of Maine Farmington,1,Farmington,Maine,09-09-2020
1366,1366,University of Maine at Fort Kent,1,Fort Kent,Maine,09-09-2020
1367,1367,University of New England,2,Biddeford,Maine,09-09-2020
1368,1368,University of Southern Maine,2,Portland,Maine,09-09-2020
1369,1369,Bowie State University,7,Bowie,Maryland,09-09-2020
1370,1370,Hood College,4,Frederick,Maryland,09-09-2020
1371,1371,Johns Hopkins University,1,Baltimore,Maryland,09-09-2020
1372,1372,McDaniel College,5,Westminster,Maryland,09-09-2020
1373,1373,Morgan State University,13,Baltimore,Maryland,09-09-2020
1374,1374,Mount St. Mary's University,17,Emmitsburg,Maryland,09-09-2020
1375,1375,Salisbury University,12,Salisbury,Maryland,09-09-2020
1376,1376,St. Mary's College of Maryland,4,St. Mary's City,Maryland,09-09-2020
1377,1377,Stevenson University,45,Stevenson,Maryland,09-09-2020
1378,1378,Towson University,124,Towson,Maryland,09-09-2020
1379,1379,United States Naval Academy,7,Annapolis,Maryland,09-09-2020
1380,1380,University of Maryland Eastern Shore,23,Princess Anne,Maryland,09-09-2020
1381,1381,"University of Maryland, Baltimore",1,Baltimore,Maryland,09-09-2020
1382,1382,"University of Maryland, Baltimore County",31,Baltimore,Maryland,09-09-2020
1383,1383,"University of Maryland, College Park",51,College Park,Maryland,09-09-2020
1384,1384,American International College,1,Springfield,Massachusetts,09-09-2020
1385,1385,Amherst College,3,Amherst,Massachusetts,09-09-2020
1386,1386,Anna Maria College,1,Paxton,Massachusetts,09-09-2020
1387,1387,Babson College,2,Wellesley,Massachusetts,09-09-2020
1388,1388,Bentley University,2,Waltham,Massachusetts,09-09-2020
1389,1389,Boston College,10,Chestnut Hill,Massachusetts,09-09-2020
1390,1390,Boston University,44,Boston,Massachusetts,09-09-2020
1391,1391,Brandeis University,9,Waltham,Massachusetts,09-09-2020
1392,1392,Clark University,4,Worcester,Massachusetts,09-09-2020
1393,1393,College of the Holy Cross,1,Worcester,Massachusetts,09-09-2020
1394,1394,Eastern Nazarene College,6,Quincy,Massachusetts,09-09-2020
1395,1395,Emerson College,3,Boston,Massachusetts,09-09-2020
1396,1396,Emmanuel College,4,Boston,Massachusetts,09-09-2020
1397,1397,Framingham State University,2,Framingham,Massachusetts,09-09-2020
1398,1398,Harvard University,34,Cambridge,Massachusetts,09-09-2020
1399,1399,Hebrew College,1,Newton Centre,Massachusetts,09-09-2020
1400,1400,Massachusetts College of Pharmacy and Health Sciences*,4,Boston,Massachusetts,09-09-2020
1401,1401,Massachusetts Institute of Technology,8,Cambridge,Massachusetts,09-09-2020
1402,1402,Mount Holyoke College,3,South Hadley,Massachusetts,09-09-2020
1403,1403,Northeastern University,10,Boston,Massachusetts,09-09-2020
1404,1404,Smith College,2,Northampton,Massachusetts,09-09-2020
1405,1405,Suffolk University,13,Boston,Massachusetts,09-09-2020
1406,1406,Tufts University,3,Medford,Massachusetts,09-09-2020
1407,1407,University of Massachusetts Amherst,12,Amherst,Massachusetts,09-09-2020
1408,1408,University of Massachusetts Boston,16,Boston,Massachusetts,09-09-2020
1409,1409,University of Massachusetts Dartmouth,1,Dartmouth,Massachusetts,09-09-2020
1410,1410,University of Massachusetts Lowell,2,Lowell,Massachusetts,09-09-2020
1411,1411,University of Massachusetts Medical School*,8,Worcester,Massachusetts,09-09-2020
1412,1412,Wellesley College,2,Wellesley,Massachusetts,09-09-2020
1413,1413,Western New England University,3,Springfield,Massachusetts,09-09-2020
1414,1414,Wheaton College,1,Norton,Massachusetts,09-09-2020
1415,1415,Williams College,1,Williamstown,Massachusetts,09-09-2020
1416,1416,Worcester Polytechnic Institute,3,Worcester,Massachusetts,09-09-2020
1417,1417,Worcester State University,33,Worcester,Massachusetts,09-09-2020
1418,1418,Adrian College,124,Adrian,Michigan,09-09-2020
1419,1419,Alma College,4,Alma,Michigan,09-09-2020
1420,1420,Andrews University,8,Berrien Springs,Michigan,09-09-2020
1421,1421,Aquinas College,4,Grand Rapids,Michigan,09-09-2020
1422,1422,Central Michigan University,142,Mount Pleasant,Michigan,09-09-2020
1423,1423,Davenport University,1,Grand Rapids,Michigan,09-09-2020
1424,1424,Eastern Michigan University,15,Ypsilanti,Michigan,09-09-2020
1425,1425,Ferris State University,10,Big Rapids,Michigan,09-09-2020
1426,1426,Finlandia University,2,Hancock,Michigan,09-09-2020
1427,1427,Grand Rapids Community College,2,Grand Rapids,Michigan,09-09-2020
1428,1428,Henry Ford College,2,Dearborn,Michigan,09-09-2020
1429,1429,Hope College,42,Holland,Michigan,09-09-2020
1430,1430,Lake Superior State University,1,Sault Ste. Marie,Michigan,09-09-2020
1431,1431,Michigan State University,49,East Lansing,Michigan,09-09-2020
1432,1432,Michigan Technological University,8,Houghton,Michigan,09-09-2020
1433,1433,Northern Michigan University,39,Marquette,Michigan,09-09-2020
1434,1434,Northwestern Michigan College,2,Traverse City,Michigan,09-09-2020
1435,1435,Oakland University,10,Rochester,Michigan,09-09-2020
1436,1436,Olivet College,4,Olivet,Michigan,09-09-2020
1437,1437,Saginaw Valley State University,9,University Center,Michigan,09-09-2020
1438,1438,Spring Arbor University,3,Spring Arbor,Michigan,09-09-2020
1439,1439,University of Detroit Mercy,5,Detroit,Michigan,09-09-2020
1440,1440,University of Michigan,322,Ann Arbor,Michigan,09-09-2020
1441,1441,Wayne State University,27,Detroit,Michigan,09-09-2020
1442,1442,Western Michigan University,69,Kalamazoo,Michigan,09-09-2020
1443,1443,Augsburg University,1,Minneapolis,Minnesota,09-09-2020
1444,1444,Bemidji State University,7,Bemidji,Minnesota,09-09-2020
1445,1445,Bethel University,3,Saint Paul,Minnesota,09-09-2020
1446,1446,Carleton College,7,Northfield,Minnesota,09-09-2020
1447,1447,Gustavus Adolphus College,2,Saint Peter,Minnesota,09-09-2020
1448,1448,Macalester College,4,St. Paul,Minnesota,09-09-2020
1449,1449,Martin Luther College,2,New Ulm,Minnesota,09-09-2020
1450,1450,Metropolitan State University,14,Saint Paul,Minnesota,09-09-2020
1451,1451,Minnesota State University Moorhead,7,Moorhead,Minnesota,09-09-2020
1452,1452,"Minnesota State University, Mankato",31,Mankato,Minnesota,09-09-2020
1453,1453,Saint Mary's University of Minnesota,16,Winona,Minnesota,09-09-2020
1454,1454,Southwest Minnesota State University,6,Marshall,Minnesota,09-09-2020
1455,1455,St. Cloud State University,1,St. Cloud,Minnesota,09-09-2020
1456,1456,St. Olaf College,31,Northfield,Minnesota,09-09-2020
1457,1457,University of Minnesota Twin Cities,79,Minneapolis,Minnesota,09-09-2020
1458,1458,Winona State University,25,Winona,Minnesota,09-09-2020
1459,1459,Delta State University,5,Cleveland,Mississippi,09-09-2020
1460,1460,Jackson State University,8,Jacksonville,Mississippi,09-09-2020
1461,1461,Millsaps College,10,Jackson,Mississippi,09-09-2020
1462,1462,Mississippi College,5,Clinton,Mississippi,09-09-2020
1463,1463,Mississippi State University,349,Mississippi State,Mississippi,09-09-2020
1464,1464,Mississippi University for Women*,23,Columbus,Mississippi,09-09-2020
1465,1465,Mississippi Valley State University,16,Itta Bena,Mississippi,09-09-2020
1466,1466,Rust College,1,Holly Springs,Mississippi,09-09-2020
1467,1467,University of Mississippi,325,Oxford,Mississippi,09-09-2020
1468,1468,University of Southern Mississippi,100,Hattiesburg,Mississippi,09-09-2020
1469,1469,Central Methodist University,47,Fayette,Missouri,09-09-2020
1470,1470,College of the Ozarks,2,Point Lookout,Missouri,09-09-2020
1471,1471,Crowder College,22,Neosho,Missouri,09-09-2020
1472,1472,Drury University,15,Springfield,Missouri,09-09-2020
1473,1473,Evangel University,48,Springfield,Missouri,09-09-2020
1474,1474,Fontbonne University,2,Saint Louis,Missouri,09-09-2020
1475,1475,Harris-Stowe State University,21,St. Louis,Missouri,09-09-2020
1476,1476,Lincoln University of Missouri,3,Jefferson City,Missouri,09-09-2020
1477,1477,Lindenwood University,5,St. Charles,Missouri,09-09-2020
1478,1478,Maryville University Saint Louis,32,St. Louis,Missouri,09-09-2020
1479,1479,Missouri Baptist University,13,St. Louis,Missouri,09-09-2020
1480,1480,Missouri Southern State University,4,Joplin,Missouri,09-09-2020
1481,1481,Missouri State University,333,Springfield,Missouri,09-09-2020
1482,1482,Missouri University of Science and Technology,27,Rolla,Missouri,09-09-2020
1483,1483,Missouri Western State University,1,St. Joseph,Missouri,09-09-2020
1484,1484,Northwest Missouri State University,276,Maryville,Missouri,09-09-2020
1485,1485,Saint Louis University,54,St. Louis,Missouri,09-09-2020
1486,1486,Southeast Missouri State University,30,Cape Girardeau,Missouri,09-09-2020
1487,1487,Southwest Baptist University,4,Bolivar,Missouri,09-09-2020
1488,1488,St. Louis College of Pharmacy*,6,St. Louis,Missouri,09-09-2020
1489,1489,St. Louis Community College,9,St. Louis,Missouri,09-09-2020
1490,1490,Stephens College,2,Columbia,Missouri,09-09-2020
1491,1491,Truman State University,23,Kirksville,Missouri,09-09-2020
1492,1492,University of Central Missouri,2,Warrensburg,Missouri,09-09-2020
1493,1493,University of Missouri,633,Columbia,Missouri,09-09-2020
1494,1494,University of Missouri-Kansas City,32,Kansas City,Missouri,09-09-2020
1495,1495,University of Missouri-St. Louis*,23,Bellerive Acres,Missouri,09-09-2020
1496,1496,Washington University in St. Louis,4,St. Louis,Missouri,09-09-2020
1497,1497,Webster University,2,Saint Louis,Missouri,09-09-2020
1498,1498,Westminster College,9,Fulton,Missouri,09-09-2020
1499,1499,William Jewell College,9,Liberty,Missouri,09-09-2020
1500,1500,William Woods University,24,Fulton,Missouri,09-09-2020
1501,1501,Carroll College,4,Helena,Montana,09-09-2020
1502,1502,Montana State University,36,Bozeman,Montana,09-09-2020
1503,1503,Chadron State College,25,Chadron,Nebraska,09-09-2020
1504,1504,"Concordia University, Nebraska",38,Seward,Nebraska,09-09-2020
1505,1505,Creighton University,119,Omaha,Nebraska,09-09-2020
1506,1506,Doane University,3,Crete,Nebraska,09-09-2020
1507,1507,Hastings College,6,Hastings,Nebraska,09-09-2020
1508,1508,Midland University,3,Fremont,Nebraska,09-09-2020
1509,1509,University of Nebraska Medical Center*,12,Omaha,Nebraska,09-09-2020
1510,1510,University of Nebraska at Kearney,8,Kearney,Nebraska,09-09-2020
1511,1511,University of Nebraska at Omaha,28,Omaha,Nebraska,09-09-2020
1512,1512,University of Nebraska-Lincoln,255,Lincoln,Nebraska,09-09-2020
1513,1513,College of Southern Nevada,44,Las Vegas,Nevada,09-09-2020
1514,1514,Nevada State College,9,Henderson,Nevada,09-09-2020
1515,1515,"University of Nevada, Las Vegas",75,Las Vegas,Nevada,09-09-2020
1516,1516,"University of Nevada, Reno",53,Reno,Nevada,09-09-2020
1517,1517,Dartmouth College,8,Hanover,New Hampshire,09-09-2020
1518,1518,Franklin Pierce University,9,Rindge,New Hampshire,09-09-2020
1519,1519,New England College,5,Henniker,New Hampshire,09-09-2020
1520,1520,Plymouth State University,14,Plymouth,New Hampshire,09-09-2020
1521,1521,Saint Anselm College,2,Manchester,New Hampshire,09-09-2020
1522,1522,Bloomfield College,14,Bloomfield,New Jersey,09-09-2020
1523,1523,Caldwell University,1,Caldwell,New Jersey,09-09-2020
1524,1524,Centenary University,1,Hackettstown,New Jersey,09-09-2020
1525,1525,Drew University,1,Madison,New Jersey,09-09-2020
1526,1526,Fairleigh Dickinson University,2,Teaneck,New Jersey,09-09-2020
1527,1527,Fairleigh Dickinson University Florham,2,Madison,New Jersey,09-09-2020
1528,1528,Kean University,4,Union,New Jersey,09-09-2020
1529,1529,Monmouth University,3,West Long Branch,New Jersey,09-09-2020
1530,1530,Montclair State University,9,Montclair,New Jersey,09-09-2020
1531,1531,New Jersey City University,1,Jersey City,New Jersey,09-09-2020
1532,1532,New Jersey Institute of Technology,6,Newark,New Jersey,09-09-2020
1533,1533,Princeton University,50,Princeton,New Jersey,09-09-2020
1534,1534,Ramapo College of New Jersey,22,Mahwah,New Jersey,09-09-2020
1535,1535,Rider University,5,Lawrenceville,New Jersey,09-09-2020
1536,1536,Rowan University,47,Glassboro,New Jersey,09-09-2020
1537,1537,Rutgers University,91,New Brunswick,New Jersey,09-09-2020
1538,1538,Saint Peter's University,4,Jersey City,New Jersey,09-09-2020
1539,1539,Seton Hall University,10,South Orange,New Jersey,09-09-2020
1540,1540,Stevens Institute of Technology,10,Hoboken,New Jersey,09-09-2020
1541,1541,William Paterson University,1,Wayne,New Jersey,09-09-2020
1542,1542,New Mexico Highlands University,7,Las Vegas,New Mexico,09-09-2020
1543,1543,New Mexico State University,39,Las Cruces,New Mexico,09-09-2020
1544,1544,Santa Fe Community College,1,Santa Fe,New Mexico,09-09-2020
1545,1545,University of New Mexico*,34,Albuquerque,New Mexico,09-09-2020
1546,1546,Western New Mexico University,9,Silver City,New Mexico,09-09-2020
1547,1547,Barnard College,1,New York City,New York,09-09-2020
1548,1548,CUNY Baruch College,32,New York City,New York,09-09-2020
1549,1549,CUNY Borough of Manhattan Community College,16,New York City,New York,09-09-2020
1550,1550,CUNY Bronx Community College,11,New York City,New York,09-09-2020
1551,1551,CUNY Brooklyn College,23,New York City,New York,09-09-2020
1552,1552,CUNY City College of New York,22,New York City,New York,09-09-2020
1553,1553,CUNY College of Staten Island,1,New York City,New York,09-09-2020
1554,1554,CUNY Guttman Community College,1,New York City,New York,09-09-2020
1555,1555,CUNY Hostos Community College,1,New York City,New York,09-09-2020
1556,1556,CUNY Hunter College,51,New York City,New York,09-09-2020
1557,1557,CUNY John Jay College of Criminal Justice,6,New York City,New York,09-09-2020
1558,1558,CUNY Kingsborough Community College,6,New York City,New York,09-09-2020
1559,1559,CUNY LaGuardia Community College,36,New York City,New York,09-09-2020
1560,1560,CUNY Lehman College,8,New York City,New York,09-09-2020
1561,1561,CUNY Medgar Evers College,1,New York City,New York,09-09-2020
1562,1562,CUNY New York City College of Technology,8,New York City,New York,09-09-2020
1563,1563,CUNY Queens College,18,New York City,New York,09-09-2020
1564,1564,CUNY Queensborough Community College,3,New York City,New York,09-09-2020
1565,1565,CUNY York College,35,New York City,New York,09-09-2020
1566,1566,Cazenovia College,2,Cazenovia,New York,09-09-2020
1567,1567,Clarkson University,10,Potsdam,New York,09-09-2020
1568,1568,Colgate University,4,Hamilton,New York,09-09-2020
1569,1569,Columbia University,6,New York City,New York,09-09-2020
1570,1570,Concordia College New York,6,Bronxville,New York,09-09-2020
1571,1571,Cornell University,34,Ithaca,New York,09-09-2020
1572,1572,Elmira College,2,Elmira,New York,09-09-2020
1573,1573,Hobart William Smith Colleges,1,Geneva,New York,09-09-2020
1574,1574,Hofstra University,13,Hempstead,New York,09-09-2020
1575,1575,Houghton College,1,Houghton,New York,09-09-2020
1576,1576,Ithaca College,2,Ithaca,New York,09-09-2020
1577,1577,Le Moyne College,27,Syracuse,New York,09-09-2020
1578,1578,Long Island University,1,Brookville,New York,09-09-2020
1579,1579,Manhattan College,23,New York City,New York,09-09-2020
1580,1580,Mercy College,12,Dobbs Ferry,New York,09-09-2020
1581,1581,Nazareth College,8,Rochester,New York,09-09-2020
1582,1582,New York University,8,New York City,New York,09-09-2020
1583,1583,Pratt Institute,2,New York City,New York,09-09-2020
1584,1584,Rensselaer Polytechnic Institute,3,Troy,New York,09-09-2020
1585,1585,Roberts Wesleyan College,1,Rochester,New York,09-09-2020
1586,1586,Rochester Institute of Technology,10,Rochester,New York,09-09-2020
1587,1587,SUNY Albany,1,Albany,New York,09-09-2020
1588,1588,SUNY Alfred State College of Technology,3,Alfred,New York,09-09-2020
1589,1589,SUNY Binghamton,28,Vestal,New York,09-09-2020
1590,1590,SUNY Brockport,2,Brockport,New York,09-09-2020
1591,1591,SUNY Buffalo State,15,Buffalo,New York,09-09-2020
1592,1592,SUNY Canton,1,Canton,New York,09-09-2020
1593,1593,SUNY College at Potsdam,8,Potsdam,New York,09-09-2020
1594,1594,SUNY College of Environmental Science and Forestry,1,Syracuse,New York,09-09-2020
1595,1595,SUNY Geneseo,4,Geneseo,New York,09-09-2020
1596,1596,SUNY Maritime College,5,New York City,New York,09-09-2020
1597,1597,SUNY New Paltz,34,New Paltz,New York,09-09-2020
1598,1598,SUNY Oneonta,177,Oneonta,New York,09-09-2020
1599,1599,SUNY Oswego,3,Oswego,New York,09-09-2020
1600,1600,SUNY Plattsburgh,5,Plattsburgh,New York,09-09-2020
1601,1601,SUNY Polytechnic Institute,3,Utica,New York,09-09-2020
1602,1602,SUNY Purchase College,12,Purchase,New York,09-09-2020
1603,1603,SUNY University at Buffalo,15,Buffalo,New York,09-09-2020
1604,1604,SUNY at Fredonia,4,Fredonia,New York,09-09-2020
1605,1605,Siena College,1,Loudonville,New York,09-09-2020
1606,1606,Skidmore College,2,Saratoga Springs,New York,09-09-2020
1607,1607,St. Bonaventure University,1,St. Bonaventure,New York,09-09-2020
1608,1608,St. Francis College,2,New York City,New York,09-09-2020
1609,1609,St. John's University,9,New York City,New York,09-09-2020
1610,1610,St. Joseph's College Long Island,1,Patchogue,New York,09-09-2020
1611,1611,St. Lawrence University,2,Canton,New York,09-09-2020
1612,1612,St. Thomas Aquinas College,1,Sparkill,New York,09-09-2020
1613,1613,Stony Brook University,2,Stony Brook,New York,09-09-2020
1614,1614,Syracuse University,31,Syracuse,New York,09-09-2020
1615,1615,The College of Saint Rose,1,Albany,New York,09-09-2020
1616,1616,"The Graduate Center, CUNY",1,New York City,New York,09-09-2020
1617,1617,The New School,2,New York City,New York,09-09-2020
1618,1618,United States Merchant Marine Academy,3,Kings Point,New York,09-09-2020
1619,1619,United States Military Academy West Point,109,West Point,New York,09-09-2020
1620,1620,University of Rochester,14,Rochester,New York,09-09-2020
1621,1621,Utica College,4,Utica,New York,09-09-2020
1622,1622,Vassar College,22,Poughkeepsie,New York,09-09-2020
1623,1623,Wagner College,2,New York City,New York,09-09-2020
1624,1624,Appalachian State University,254,Boone,North Carolina,09-09-2020
1625,1625,Belmont Abbey College,38,Belmont,North Carolina,09-09-2020
1626,1626,Brevard College,1,Brevard,North Carolina,09-09-2020
1627,1627,Campbell University,4,Bules Creek,North Carolina,09-09-2020
1628,1628,Carolinas College of Health Sciences*,2,Charlotte,North Carolina,09-09-2020
1629,1629,Catawba College,3,Salisbury,North Carolina,09-09-2020
1630,1630,Davidson College,14,Davidson,North Carolina,09-09-2020
1631,1631,Duke University,72,Durham,North Carolina,09-09-2020
1632,1632,Durham Technical Community College,3,Durham,North Carolina,09-09-2020
1633,1633,East Carolina University,971,Greenville,North Carolina,09-09-2020
1634,1634,Elizabeth City State University,12,Elizabeth City,North Carolina,09-09-2020
1635,1635,Elon University,21,Elon,North Carolina,09-09-2020
1636,1636,Fayetteville State University,36,Fayetteville,North Carolina,09-09-2020
1637,1637,Gardner-Webb University,20,Boiling Springs,North Carolina,09-09-2020
1638,1638,Greensboro College,7,Greensboro,North Carolina,09-09-2020
1639,1639,Guilford College,8,Greensboro,North Carolina,09-09-2020
1640,1640,High Point University,11,High Point,North Carolina,09-09-2020
1641,1641,Johnson C Smith University,1,Charlotte,North Carolina,09-09-2020
1642,1642,Lees-McRae College,3,Banner Elk,North Carolina,09-09-2020
1643,1643,Lenoir-Rhyne University,7,Hickory,North Carolina,09-09-2020
1644,1644,Meredith College,25,Raleigh,North Carolina,09-09-2020
1645,1645,North Carolina A&T State University,37,Greensboro,North Carolina,09-09-2020
1646,1646,North Carolina Central University,29,Durham,North Carolina,09-09-2020
1647,1647,North Carolina State University,871,Raleigh,North Carolina,09-09-2020
1648,1648,North Carolina Wesleyan College,4,Rocky Mount,North Carolina,09-09-2020
1649,1649,Pfeiffer University,2,Misenheimer,North Carolina,09-09-2020
1650,1650,Shaw University,2,Raleigh,North Carolina,09-09-2020
1651,1651,University of Mount Olive,1,Mount Olive,North Carolina,09-09-2020
1652,1652,University of North Carolina Asheville,11,Asheville,North Carolina,09-09-2020
1653,1653,University of North Carolina School of the Arts,4,Winston Salem,North Carolina,09-09-2020
1654,1654,University of North Carolina Wilmington,88,Wilmington,North Carolina,09-09-2020
1655,1655,University of North Carolina at Chapel Hill,"1,100",Chapel Hill,North Carolina,09-09-2020
1656,1656,University of North Carolina at Charlotte,5,Charlotte,North Carolina,09-09-2020
1657,1657,University of North Carolina at Greensboro,39,Greensboro,North Carolina,09-09-2020
1658,1658,University of North Carolina at Pembroke,193,Pembroke,North Carolina,09-09-2020
1659,1659,Wake Forest University,22,Winston-Salem,North Carolina,09-09-2020
1660,1660,Western Carolina University,82,Cullowhee,North Carolina,09-09-2020
1661,1661,William Peace University,2,Raleigh,North Carolina,09-09-2020
1662,1662,Wingate University,3,Wingate,North Carolina,09-09-2020
1663,1663,Winston-Salem State University,21,Winston-Salem,North Carolina,09-09-2020
1664,1664,Bismarck State College,4,Bismarck,North Dakota,09-09-2020
1665,1665,Dakota College at Bottineau,1,Bottineau,North Dakota,09-09-2020
1666,1666,Dickinson State University,23,Dickinson,North Dakota,09-09-2020
1667,1667,Mayville State University,4,Mayville,North Dakota,09-09-2020
1668,1668,Minot State University,11,Minot,North Dakota,09-09-2020
1669,1669,North Dakota State College of Science,5,Wahpeton,North Dakota,09-09-2020
1670,1670,North Dakota State University,72,Fargo,North Dakota,09-09-2020
1671,1671,University of North Dakota,530,Grand Forks,North Dakota,09-09-2020
1672,1672,Valley City State University,21,Valley City,North Dakota,09-09-2020
1673,1673,Williston State College,8,Williston,North Dakota,09-09-2020
1674,1674,Baldwin Wallace University,12,Berea,Ohio,09-09-2020
1675,1675,Bowling Green State University,43,Bowling Green,Ohio,09-09-2020
1676,1676,Bowling Green State University Firelands,1,Huron,Ohio,09-09-2020
1677,1677,Case Western Reserve University,10,Cleveland,Ohio,09-09-2020
1678,1678,Cedarville University,2,Cedarville,Ohio,09-09-2020
1679,1679,Cleveland State University,1,Cleveland,Ohio,09-09-2020
1680,1680,Columbus College of Art and Design,1,Columbus,Ohio,09-09-2020
1681,1681,Franciscan University of Steubenville,2,Steubenville,Ohio,09-09-2020
1682,1682,Heidelberg University,6,Tiffin,Ohio,09-09-2020
1683,1683,Hiram College,4,Hiram,Ohio,09-09-2020
1684,1684,Kent State University,24,Kent,Ohio,09-09-2020
1685,1685,Lake Erie College,3,Painesville,Ohio,09-09-2020
1686,1686,Marietta College,1,Marietta,Ohio,09-09-2020
1687,1687,Miami University Oxford,280,Oxford,Ohio,09-09-2020
1688,1688,Mount Saint Joseph University,1,Cincinnati,Ohio,09-09-2020
1689,1689,Northeast Ohio Medical University*,6,Rootstown,Ohio,09-09-2020
1690,1690,Oberlin College,2,Oberlin,Ohio,09-09-2020
1691,1691,Ohio Northern University,5,Ada,Ohio,09-09-2020
1692,1692,Ohio State University,514,Columbus,Ohio,09-09-2020
1693,1693,Ohio University,22,Athens,Ohio,09-09-2020
1694,1694,Ohio Wesleyan University,27,Delaware,Ohio,09-09-2020
1695,1695,Otterbein University,3,Westerville,Ohio,09-09-2020
1696,1696,Shawnee State University,1,Portsmouth,Ohio,09-09-2020
1697,1697,Sinclair Community College,10,Dayton,Ohio,09-09-2020
1698,1698,The College of Wooster,7,Wooster,Ohio,09-09-2020
1699,1699,Tiffin University,2,Tiffin,Ohio,09-09-2020
1700,1700,University of Akron,9,Akron,Ohio,09-09-2020
1701,1701,University of Cincinnati,77,Cincinnati,Ohio,09-09-2020
1702,1702,University of Dayton,911,Dayton,Ohio,09-09-2020
1703,1703,University of Mount Union,7,Alliance,Ohio,09-09-2020
1704,1704,University of Toledo,61,Toledo,Ohio,09-09-2020
1705,1705,Ursuline College,1,Pepper Pike,Ohio,09-09-2020
1706,1706,Walsh University,2,North Canton,Ohio,09-09-2020
1707,1707,Wilmington College,2,Wilmington,Ohio,09-09-2020
1708,1708,Wittenberg University,2,Springfield,Ohio,09-09-2020
1709,1709,Xavier University,15,Cincinnati,Ohio,09-09-2020
1710,1710,Cameron University,3,Lawton,Oklahoma,09-09-2020
1711,1711,East Central University,3,Ada,Oklahoma,09-09-2020
1712,1712,Northwestern Oklahoma State University,7,Alva,Oklahoma,09-09-2020
1713,1713,Oklahoma Christian University,14,Edmond,Oklahoma,09-09-2020
1714,1714,Oklahoma City University,1,Oklahoma City,Oklahoma,09-09-2020
1715,1715,Oklahoma State University,410,Stillwater,Oklahoma,09-09-2020
1716,1716,Oklahoma State University-Oklahoma City,1,Oklahoma City,Oklahoma,09-09-2020
1717,1717,Oral Roberts University,1,Tulsa,Oklahoma,09-09-2020
1718,1718,Southeastern Oklahoma State University,42,Durant,Oklahoma,09-09-2020
1719,1719,Southwestern Oklahoma State University,27,Weatherford,Oklahoma,09-09-2020
1720,1720,University of Central Oklahoma,76,Edmond,Oklahoma,09-09-2020
1721,1721,University of Oklahoma,173,Norman,Oklahoma,09-09-2020
1722,1722,University of Science and Arts of Oklahoma,1,Chickasha,Oklahoma,09-09-2020
1723,1723,University of Tulsa,8,Tulsa,Oklahoma,09-09-2020
1724,1724,Eastern Oregon University,3,La Grande,Oregon,09-09-2020
1725,1725,Lane Community College,1,Eugene,Oregon,09-09-2020
1726,1726,Lewis & Clark College,1,Portland,Oregon,09-09-2020
1727,1727,Linfield College,1,McMinnville,Oregon,09-09-2020
1728,1728,Oregon Health & Science University*,107,Portland,Oregon,09-09-2020
1729,1729,Oregon Institute of Technology,6,Klamath Falls,Oregon,09-09-2020
1730,1730,Oregon State University,3,Corvallis,Oregon,09-09-2020
1731,1731,Pacific University,1,Forest Grove,Oregon,09-09-2020
1732,1732,Portland State University,2,Portland,Oregon,09-09-2020
1733,1733,Reed College,6,Portland,Oregon,09-09-2020
1734,1734,Southern Oregon University,2,Ashland,Oregon,09-09-2020
1735,1735,University of Oregon,52,Eugene,Oregon,09-09-2020
1736,1736,Western Oregon University,1,Mounmouth,Oregon,09-09-2020
1737,1737,Willamette University,1,Salem,Oregon,09-09-2020
1738,1738,Albright College,1,Reading,Pennsylvania,09-09-2020
1739,1739,Allegheny College,6,Meadville,Pennsylvania,09-09-2020
1740,1740,Bloomsburg University of Pennsylvania,21,Bloomsburg,Pennsylvania,09-09-2020
1741,1741,Bucknell University,10,Lewisburg,Pennsylvania,09-09-2020
1742,1742,California University of Pennsylvania,1,California,Pennsylvania,09-09-2020
1743,1743,Carnegie Mellon University,9,Pittsburgh,Pennsylvania,09-09-2020
1744,1744,Clarion University of Pennsylvania,1,Clarion,Pennsylvania,09-09-2020
1745,1745,Drexel University,2,Philadelphia,Pennsylvania,09-09-2020
1746,1746,Edinboro University,1,Edinboro,Pennsylvania,09-09-2020
1747,1747,Elizabethtown College,6,Elizabethtown,Pennsylvania,09-09-2020
1748,1748,Franklin and Marshall College,2,Lancaster,Pennsylvania,09-09-2020
1749,1749,Gannon University,10,Erie,Pennsylvania,09-09-2020
1750,1750,Gettysburg College,9,Gettysburg,Pennsylvania,09-09-2020
1751,1751,Haverford College,1,Haverford,Pennsylvania,09-09-2020
1752,1752,Indiana University of Pennsylvania,1,Indiana,Pennsylvania,09-09-2020
1753,1753,Juniata College,5,Huntingdom,Pennsylvania,09-09-2020
1754,1754,Keystone College,3,La Plume,Pennsylvania,09-09-2020
1755,1755,La Salle University,2,Philadelphia,Pennsylvania,09-09-2020
1756,1756,Lafayette College,5,Easton,Pennsylvania,09-09-2020
1757,1757,Lock Haven University,2,Lock Haven,Pennsylvania,09-09-2020
1758,1758,Lycoming College,2,Williamsport,Pennsylvania,09-09-2020
1759,1759,Mansfield University of Pennsylvania,1,Mansfield,Pennsylvania,09-09-2020
1760,1760,Messiah University,4,Mechanicsburg,Pennsylvania,09-09-2020
1761,1761,Millersville University of Pennsylvania,5,Millersville,Pennsylvania,09-09-2020
1762,1762,Misericordia University,2,Dallas,Pennsylvania,09-09-2020
1763,1763,Moravian College,1,Bethlehem,Pennsylvania,09-09-2020
1764,1764,Mount Aloysius College,1,Cresson,Pennsylvania,09-09-2020
1765,1765,Penn State University,39,State College,Pennsylvania,09-09-2020
1766,1766,Penn State University Behrend,1,Erie,Pennsylvania,09-09-2020
1767,1767,Penn State University Harrisburg,1,Middletown,Pennsylvania,09-09-2020
1768,1768,Pennsylvania College of Technology,5,Williamsport,Pennsylvania,09-09-2020
1769,1769,Robert Morris University,2,Moon Township,Pennsylvania,09-09-2020
1770,1770,Saint Francis University,2,Loretto,Pennsylvania,09-09-2020
1771,1771,Saint Joseph's University,12,Philadelphia,Pennsylvania,09-09-2020
1772,1772,Shippensburg University of Pennsylvania,13,Shippensburg,Pennsylvania,09-09-2020
1773,1773,Slippery Rock University of Pennsylvania,3,Slippery Rock,Pennsylvania,09-09-2020
1774,1774,Swarthmore College,1,Swarthmore,Pennsylvania,09-09-2020
1775,1775,Temple University,134,Philadelphia,Pennsylvania,09-09-2020
1776,1776,Thiel College,1,Greenville,Pennsylvania,09-09-2020
1777,1777,University of Pennsylvania,211,Philadelphia,Pennsylvania,09-09-2020
1778,1778,University of Pittsburgh,119,Pittsburgh,Pennsylvania,09-09-2020
1779,1779,University of Scranton,5,Scranton,Pennsylvania,09-09-2020
1780,1780,Ursinus College,2,Collegeville,Pennsylvania,09-09-2020
1781,1781,Villanova University,1,Villanova,Pennsylvania,09-09-2020
1782,1782,West Chester University,1,West Chester,Pennsylvania,09-09-2020
1783,1783,Westminster College,3,New Wilmington,Pennsylvania,09-09-2020
1784,1784,Wilkes University,1,Wilkes-Barre,Pennsylvania,09-09-2020
1785,1785,York College of Pennsylvania,1,York,Pennsylvania,09-09-2020
1786,1786,University of Puerto Rico at Cayey,1,Cayey,Puerto Rico,09-09-2020
1787,1787,Brown University,1,Providence,Rhode Island,09-09-2020
1788,1788,Providence College,6,Providence,Rhode Island,09-09-2020
1789,1789,Rhode Island College,1,Providence,Rhode Island,09-09-2020
1790,1790,Roger Williams University,5,Bristol,Rhode Island,09-09-2020
1791,1791,University of Rhode Island,17,Kingston,Rhode Island,09-09-2020
1792,1792,Anderson University,8,Anderson,South Carolina,09-09-2020
1793,1793,Charleston Southern University,23,North Charleston,South Carolina,09-09-2020
1794,1794,Claflin University,1,Orangeburg,South Carolina,09-09-2020
1795,1795,Clemson University,336,Clemson,South Carolina,09-09-2020
1796,1796,Coastal Carolina University,66,Conway,South Carolina,09-09-2020
1797,1797,Furman University,7,Greenville,South Carolina,09-09-2020
1798,1798,Greenville Technical College,99,Greenville,South Carolina,09-09-2020
1799,1799,Limestone College,1,Gaffney,South Carolina,09-09-2020
1800,1800,Medical University of South Carolina*,1,Charleston,South Carolina,09-09-2020
1801,1801,Presbyterian College,16,Clinton,South Carolina,09-09-2020
1802,1802,Southern Wesleyan University,6,Central,South Carolina,09-09-2020
1803,1803,The Citadel,97,Charleston,South Carolina,09-09-2020
1804,1804,University of South Carolina,"1,192",Columbia,South Carolina,09-09-2020
1805,1805,University of South Carolina Aiken,18,Aiken,South Carolina,09-09-2020
1806,1806,University of South Carolina Beaufort,11,Blufton,South Carolina,09-09-2020
1807,1807,University of South Carolina Upstate,12,Spartanburg,South Carolina,09-09-2020
1808,1808,Winthrop University,1,Rock Hill,South Carolina,09-09-2020
1809,1809,Wofford College,12,Spartanburg,South Carolina,09-09-2020
1810,1810,Augustana University,31,Sioux Falls,South Dakota,09-09-2020
1811,1811,Black Hills State University,11,Spearfish,South Dakota,09-09-2020
1812,1812,Dakota State University,2,Madison,South Dakota,09-09-2020
1813,1813,Mount Marty College,21,Yankton,South Dakota,09-09-2020
1814,1814,Northern State University,24,Aberdeen,South Dakota,09-09-2020
1815,1815,South Dakota School of Mines and Technology,8,Rapid City,South Dakota,09-09-2020
1816,1816,South Dakota State University,91,Brookings,South Dakota,09-09-2020
1817,1817,University of South Dakota,242,Vermillion,South Dakota,09-09-2020
1818,1818,Austin Peay State University,70,Clarksville,Tennessee,09-09-2020
1819,1819,Bethel University,48,McKenzie,Tennessee,09-09-2020
1820,1820,Chattanooga State Community College,27,Chattanooga,Tennessee,09-09-2020
1821,1821,Christian Brothers University,1,Memphis,Tennessee,09-09-2020
1822,1822,Cleveland State Community College,10,Cleveland,Tennessee,09-09-2020
1823,1823,Columbia State Community College,26,Columbia,Tennessee,09-09-2020
1824,1824,Dyersburg State Community College,16,Dyersburg,Tennessee,09-09-2020
1825,1825,East Tennessee State University,130,Johnson City,Tennessee,09-09-2020
1826,1826,Jackson State Community College,16,Jackson,Tennessee,09-09-2020
1827,1827,Lincoln Memorial University,42,Harrogate,Tennessee,09-09-2020
1828,1828,Lipscomb University,72,Nashville,Tennessee,09-09-2020
1829,1829,Middle Tennessee State University,91,Murfreesboro,Tennessee,09-09-2020
1830,1830,Milligan University,11,Milligan College,Tennessee,09-09-2020
1831,1831,Motlow State Community College,23,Tullahoma,Tennessee,09-09-2020
1832,1832,Nashville State Community College,21,Nashville,Tennessee,09-09-2020
1833,1833,Northeast State Community College,18,Blountville,Tennessee,09-09-2020
1834,1834,Pellissippi State Community College,14,Knoxville,Tennessee,09-09-2020
1835,1835,Rhodes College,1,Memphis,Tennessee,09-09-2020
1836,1836,Roane State Community College,13,Harriman,Tennessee,09-09-2020
1837,1837,Southwest Tennessee Community College,3,Memphis,Tennessee,09-09-2020
1838,1838,Tennessee College of Applied Technology- Nashville,16,Nashville,Tennessee,09-09-2020
1839,1839,Tennessee College of Applied Technology-Athens,6,Athens,Tennessee,09-09-2020
1840,1840,Tennessee College of Applied Technology-Covington,4,Covington,Tennessee,09-09-2020
1841,1841,Tennessee College of Applied Technology-Crossville,16,Crossville,Tennessee,09-09-2020
1842,1842,Tennessee College of Applied Technology-Crump,9,Crump,Tennessee,09-09-2020
1843,1843,Tennessee College of Applied Technology-Dickson,19,Dickson,Tennessee,09-09-2020
1844,1844,Tennessee College of Applied Technology-Elizabethton,9,Elizabethton,Tennessee,09-09-2020
1845,1845,Tennessee College of Applied Technology-Harriman,2,Harriman,Tennessee,09-09-2020
1846,1846,Tennessee College of Applied Technology-Hartsville,4,Hartsville,Tennessee,09-09-2020
1847,1847,Tennessee College of Applied Technology-Jacksboro,4,Jacksboro,Tennessee,09-09-2020
1848,1848,Tennessee College of Applied Technology-Jackson,3,Jackson,Tennessee,09-09-2020
1849,1849,Tennessee College of Applied Technology-Knoxville,5,Knoxville,Tennessee,09-09-2020
1850,1850,Tennessee College of Applied Technology-Livingston,6,Livingston,Tennessee,09-09-2020
1851,1851,Tennessee College of Applied Technology-McKenzie,5,McKenzie,Tennessee,09-09-2020
1852,1852,Tennessee College of Applied Technology-McMinnville,5,McMinnville,Tennessee,09-09-2020
1853,1853,Tennessee College of Applied Technology-Memphis,5,Memphis,Tennessee,09-09-2020
1854,1854,Tennessee College of Applied Technology-Morristown,7,Morristown,Tennessee,09-09-2020
1855,1855,Tennessee College of Applied Technology-Murfreesboro,16,Murfreesboro,Tennessee,09-09-2020
1856,1856,Tennessee College of Applied Technology-Newbern,13,Newbern,Tennessee,09-09-2020
1857,1857,Tennessee College of Applied Technology-Oneida/Huntsville,2,Huntsville,Tennessee,09-09-2020
1858,1858,Tennessee College of Applied Technology-Paris,2,Paris,Tennessee,09-09-2020
1859,1859,Tennessee College of Applied Technology-Pulaski,2,Pulaski,Tennessee,09-09-2020
1860,1860,Tennessee College of Applied Technology-Ripley,17,Ripley,Tennessee,09-09-2020
1861,1861,Tennessee College of Applied Technology-Shelbyville,2,Shelbyville,Tennessee,09-09-2020
1862,1862,Tennessee College of Applied Technology-Whiteville,12,Whiteville,Tennessee,09-09-2020
1863,1863,Tennessee State University,1,Nashville,Tennessee,09-09-2020
1864,1864,Tennessee Technological University,6,Cookeville,Tennessee,09-09-2020
1865,1865,The University of the South,21,Sewanee,Tennessee,09-09-2020
1866,1866,Trevecca Nazarene University,5,Nashville,Tennessee,09-09-2020
1867,1867,Tusculum University,5,Greenville,Tennessee,09-09-2020
1868,1868,Union University,14,Jackson,Tennessee,09-09-2020
1869,1869,University of Memphis,15,Memphis,Tennessee,09-09-2020
1870,1870,University of Tennessee Health Science Center*,124,Memphis,Tennessee,09-09-2020
1871,1871,University of Tennessee at Chattanooga,282,Chattanooga,Tennessee,09-09-2020
1872,1872,University of Tennessee at Martin,55,Martin,Tennessee,09-09-2020
1873,1873,"University of Tennessee, Knoxville",419,Knoxville,Tennessee,09-09-2020
1874,1874,Vanderbilt University,37,Nashville,Tennessee,09-09-2020
1875,1875,Volunteer State Community College,27,Gallatin,Tennessee,09-09-2020
1876,1876,Walters State Community College,9,Morristown,Tennessee,09-09-2020
1877,1877,Abilene Christian University,38,Abilene,Texas,09-09-2020
1878,1878,Angelo State University,42,San Angelo,Texas,09-09-2020
1879,1879,Austin College,4,Sherman,Texas,09-09-2020
1880,1880,Austin Community College District,12,Austin,Texas,09-09-2020
1881,1881,Baylor University,689,Waco,Texas,09-09-2020
1882,1882,Brazosport College,1,Richwood,Texas,09-09-2020
1883,1883,Grayson College,6,Dension,Texas,09-09-2020
1884,1884,Houston Baptist University,2,Houston,Texas,09-09-2020
1885,1885,Lamar University,71,Beaumont,Texas,09-09-2020
1886,1886,Midland College,7,Midland,Texas,09-09-2020
1887,1887,Midwestern State University,19,Wichita Falls,Texas,09-09-2020
1888,1888,Odessa College,10,Odessa,Texas,09-09-2020
1889,1889,Prairie View A&M University,74,Prairie View,Texas,09-09-2020
1890,1890,Rice University,82,Houston,Texas,09-09-2020
1891,1891,Saint Edward's University,1,Austin,Texas,09-09-2020
1892,1892,Sam Houston State University,169,Huntsville,Texas,09-09-2020
1893,1893,Schreiner University,1,Kerriville,Texas,09-09-2020
1894,1894,South Texas College,67,McAllen,Texas,09-09-2020
1895,1895,Southern Methodist University,113,Dallas,Texas,09-09-2020
1896,1896,Southwestern University,5,Georgetown,Texas,09-09-2020
1897,1897,St. Mary's University,15,San Antonio,Texas,09-09-2020
1898,1898,Stephen F. Austin State University,42,Nacogdoches,Texas,09-09-2020
1899,1899,Sul Ross State University,1,Alpine,Texas,09-09-2020
1900,1900,Tarleton State University,48,Stephenville,Texas,09-09-2020
1901,1901,Texas A&M International University,41,Laredo,Texas,09-09-2020
1902,1902,Texas A&M University,752,College Station,Texas,09-09-2020
1903,1903,Texas A&M University-Central Texas,8,Kileen,Texas,09-09-2020
1904,1904,Texas A&M University-Commerce,33,Commerce,Texas,09-09-2020
1905,1905,Texas A&M University-Corpus Christi,15,Corpus Christi,Texas,09-09-2020
1906,1906,Texas A&M University-Kingsville,54,Kingsville,Texas,09-09-2020
1907,1907,Texas A&M University-San Antonio,28,San Antonio,Texas,09-09-2020
1908,1908,Texas A&M University-Texarkana,18,Texarkana,Texas,09-09-2020
1909,1909,Texas Christian University,883,Fort Worth,Texas,09-09-2020
1910,1910,Texas College,1,Tyler,Texas,09-09-2020
1911,1911,Texas Lutheran University,4,Seguin,Texas,09-09-2020
1912,1912,Texas Southern University,1,Houston,Texas,09-09-2020
1913,1913,Texas State University,232,San Marcos,Texas,09-09-2020
1914,1914,Texas Tech University,551,Lubbock,Texas,09-09-2020
1915,1915,Texas Tech University Health Sciences Center*,194,Lubbock,Texas,09-09-2020
1916,1916,Texas Tech University Health Sciences Center El Paso*,57,El Paso,Texas,09-09-2020
1917,1917,Texas Wesleyan University,16,Fort Worth,Texas,09-09-2020
1918,1918,Texas Womans University,11,Denton,Texas,09-09-2020
1919,1919,Trinity University,12,San Antonia,Texas,09-09-2020
1920,1920,Tyler Junior College,32,Tyler,Texas,09-09-2020
1921,1921,University of Dallas,4,Irving,Texas,09-09-2020
1922,1922,University of Houston,186,Houston,Texas,09-09-2020
1923,1923,University of Houston-Downtown,68,Houston,Texas,09-09-2020
1924,1924,University of Houston-Victoria,6,Victoria,Texas,09-09-2020
1925,1925,University of North Texas,37,Denton,Texas,09-09-2020
1926,1926,University of St. Thomas,2,Houston,Texas,09-09-2020
1927,1927,University of Texas Health Science Center at San Antonio*,210,San Antonio,Texas,09-09-2020
1928,1928,University of Texas Health Science Center at Tyler*,25,Tyler,Texas,09-09-2020
1929,1929,University of Texas Permian Basin,21,Odessa,Texas,09-09-2020
1930,1930,University of Texas Rio Grande Valley,101,Edinburg,Texas,09-09-2020
1931,1931,University of Texas Southwestern Medical Center*,256,Dallas,Texas,09-09-2020
1932,1932,University of Texas at Arlington,25,Arlington,Texas,09-09-2020
1933,1933,University of Texas at Austin,496,Austin,Texas,09-09-2020
1934,1934,University of Texas at Dallas,23,Dallas,Texas,09-09-2020
1935,1935,University of Texas at El Paso,103,El Paso,Texas,09-09-2020
1936,1936,University of Texas at San Antonio,5,San Antonio,Texas,09-09-2020
1937,1937,University of the Incarnate Word,1,San Antonio,Texas,09-09-2020
1938,1938,Wayland Baptist University,51,Plainview,Texas,09-09-2020
1939,1939,West Texas A&M University,24,Canyon,Texas,09-09-2020
1940,1940,Brigham Young University,188,Provo,Utah,09-09-2020
1941,1941,Dixie State University,15,St. George,Utah,09-09-2020
1942,1942,Snow College,2,Ephraim,Utah,09-09-2020
1943,1943,Southern Utah University,1,Cedar City,Utah,09-09-2020
1944,1944,University of Utah,188,Salt Lake City,Utah,09-09-2020
1945,1945,Utah State University,29,Logan,Utah,09-09-2020
1946,1946,Utah Valley University,1,Orem,Utah,09-09-2020
1947,1947,Weber State University,35,Ogden,Utah,09-09-2020
1948,1948,Westminster College,6,Salt Lake City,Utah,09-09-2020
1949,1949,Bennington College,1,Bennington,Vermont,09-09-2020
1950,1950,Castleton University,2,Castleton,Vermont,09-09-2020
1951,1951,Landmark College,1,Putney,Vermont,09-09-2020
1952,1952,Middlebury College,2,Middlebury,Vermont,09-09-2020
1953,1953,Norwich University,4,Northfield,Vermont,09-09-2020
1954,1954,University of Vermont,7,Burlington,Vermont,09-09-2020
1955,1955,Vermont Technical College,1,Randolph,Vermont,09-09-2020
1956,1956,University of the Virgin Islands,3,Charlotte Amalie,Virgin Islands,09-09-2020
1957,1957,Averett University,2,Danville,Virginia,09-09-2020
1958,1958,Bluefield College,28,Bluefield,Virginia,09-09-2020
1959,1959,Bridgewater College,2,Bridgewater,Virginia,09-09-2020
1960,1960,Christopher Newport University,4,Newport News,Virginia,09-09-2020
1961,1961,Danville Community College,4,Danville,Virginia,09-09-2020
1962,1962,Eastern Mennonite University,4,Harrisonburg,Virginia,09-09-2020
1963,1963,Eastern Virginia Medical School*,31,Norfolk,Virginia,09-09-2020
1964,1964,Ferrum College,3,Ferrum,Virginia,09-09-2020
1965,1965,George Mason University,10,Fairfax,Virginia,09-09-2020
1966,1966,Hampden-Sydney College,5,Hampden-Sydney,Virginia,09-09-2020
1967,1967,Hollins University,1,Roanoke,Virginia,09-09-2020
1968,1968,James Madison University,208,Harrisonburg,Virginia,09-09-2020
1969,1969,Longwood University,3,Farmville,Virginia,09-09-2020
1970,1970,Mary Baldwin University,1,Staunton,Virginia,09-09-2020
1971,1971,Marymount University,4,Arlington,Virginia,09-09-2020
1972,1972,Norfolk State University,2,Norfolk,Virginia,09-09-2020
1973,1973,Radford University,293,Radford,Virginia,09-09-2020
1974,1974,Roanoke College,36,Salem,Virginia,09-09-2020
1975,1975,Shenandoah University,15,Winchester,Virginia,09-09-2020
1976,1976,Southern Virginia University,2,Buena Vista,Virginia,09-09-2020
1977,1977,Sweet Briar College,7,Sweet Briar,Virginia,09-09-2020
1978,1978,University of Lynchburg,61,Lynchburg,Virginia,09-09-2020
1979,1979,University of Mary Washington,2,Fredericksburg,Virginia,09-09-2020
1980,1980,University of Richmond,9,Richmond,Virginia,09-09-2020
1981,1981,University of Virginia,119,Charlottesville,Virginia,09-09-2020
1982,1982,University of Virginia's College at Wise,2,Wise,Virginia,09-09-2020
1983,1983,Virginia Commonwealth University,122,Richmond,Virginia,09-09-2020
1984,1984,Virginia Highlands Community College,1,Abingdon,Virginia,09-09-2020
1985,1985,Virginia Military Institute,7,Lexington,Virginia,09-09-2020
1986,1986,Virginia Tech,178,Blacksburg,Virginia,09-09-2020
1987,1987,Virginia Union University,3,Richmond,Virginia,09-09-2020
1988,1988,Washington and Lee University,3,Lexington,Virginia,09-09-2020
1989,1989,William & Mary,2,Williamsburg,Virginia,09-09-2020
1990,1990,Centralia College,3,Centralia,Washington,09-09-2020
1991,1991,Clark College,1,Vancouver,Washington,09-09-2020
1992,1992,Clover Park Technical College,1,Lakewood,Washington,09-09-2020
1993,1993,Columbia Basin College,3,Pasco,Washington,09-09-2020
1994,1994,Eastern Washington University,14,Cheney,Washington,09-09-2020
1995,1995,Edmonds College,8,Lynnwood,Washington,09-09-2020
1996,1996,Gonzaga University,1,Spokane,Washington,09-09-2020
1997,1997,Green River College,3,Auburn,Washington,09-09-2020
1998,1998,Highline College,2,Des Moines,Washington,09-09-2020
1999,1999,Lake Washington Institute of Technology,1,Kirkland,Washington,09-09-2020
2000,2000,Lower Columbia College,1,Longview,Washington,09-09-2020
2001,2001,Northwest Indian College,2,Bellingham,Washington,09-09-2020
2002,2002,Olympic College,1,Bremerton,Washington,09-09-2020
2003,2003,Pierce College Fort Steilacoom,1,Lakewood,Washington,09-09-2020
2004,2004,Renton Technical College,2,Renton,Washington,09-09-2020
2005,2005,Seattle Central College,2,Seattle,Washington,09-09-2020
2006,2006,Seattle Pacific University,1,Seattle,Washington,09-09-2020
2007,2007,Seattle University,3,Seattle,Washington,09-09-2020
2008,2008,South Seattle College,1,Seattle,Washington,09-09-2020
2009,2009,Spokane Community College,5,Spokane,Washington,09-09-2020
2010,2010,Spokane Falls Community College,1,Spokane,Washington,09-09-2020
2011,2011,University of Puget Sound,9,Tacoma,Washington,09-09-2020
2012,2012,University of Washington,283,Seattle,Washington,09-09-2020
2013,2013,University of Washington Bothell,5,Bothell,Washington,09-09-2020
2014,2014,University of Washington Tacoma,10,Tacoma,Washington,09-09-2020
2015,2015,Washington State University,263,Pullman,Washington,09-09-2020
2016,2016,Wenatchee Valley College,2,Wenatchee,Washington,09-09-2020
2017,2017,Western Washington University,2,Bellingham,Washington,09-09-2020
2018,2018,Whatcom Community College,6,Bellingham,Washington,09-09-2020
2019,2019,Whitman College,2,Walla Walla,Washington,09-09-2020
2020,2020,American University,5,Washington,"Washington, D.C.",09-09-2020
2021,2021,Gallaudet University,1,Washington,"Washington, D.C.",09-09-2020
2022,2022,George Washington University,1,Washington,"Washington, D.C.",09-09-2020
2023,2023,Georgetown University,98,Washington,"Washington, D.C.",09-09-2020
2024,2024,University of the District of Columbia,1,Washington,"Washington, D.C.",09-09-2020
2025,2025,Concord University,9,Athens,West Virginia,09-09-2020
2026,2026,Davis & Elkins College,7,Elkins,West Virginia,09-09-2020
2027,2027,Fairmont State University,5,Fairmont,West Virginia,09-09-2020
2028,2028,Marshall University,55,Huntington,West Virginia,09-09-2020
2029,2029,Potomac State College of West Virginia University,2,Keyser,West Virginia,09-09-2020
2030,2030,Shepherd University,12,Shepherdstown,West Virginia,09-09-2020
2031,2031,University of Charleston,14,Charleston,West Virginia,09-09-2020
2032,2032,West Liberty University,3,West Liberty,West Virginia,09-09-2020
2033,2033,West Virginia State University,23,Institute,West Virginia,09-09-2020
2034,2034,West Virginia University,219,Morgantown,West Virginia,09-09-2020
2035,2035,West Virginia University Institute of Technology,2,Montgomery,West Virginia,09-09-2020
2036,2036,Wheeling University,2,Wheeling,West Virginia,09-09-2020
2037,2037,Carroll University,7,Waukesha,Wisconsin,09-09-2020
2038,2038,Edgewood College,12,Madison,Wisconsin,09-09-2020
2039,2039,Lakeland University,13,Plymouth,Wisconsin,09-09-2020
2040,2040,Marian University,16,Fond Du Lac,Wisconsin,09-09-2020
2041,2041,Marquette University,128,Milwaukee,Wisconsin,09-09-2020
2042,2042,Ripon College,2,Ripon,Wisconsin,09-09-2020
2043,2043,Saint Norbert College,3,De Pere,Wisconsin,09-09-2020
2044,2044,University of Wisconsin-Madison,145,Madison,Wisconsin,09-09-2020
2045,2045,University of Wisconsin-Milwaukee,58,Milwaukee,Wisconsin,09-09-2020
2046,2046,University of Wisconsin-Parkside,1,Somers,Wisconsin,09-09-2020
2047,2047,University of Wisconsin-Whitewater,18,Whitewater,Wisconsin,09-09-2020
2048,2048,Eastern Wyoming College,1,Torrington,Wyoming,09-09-2020
2049,2049,University of Wyoming,50,Laramie,Wyoming,09-09-2020
