,Unnamed: 0,School,Cases,County,State,Date
2050,2050,Alabama A&M University,8,Huntsville,Alabama,09-10-2020
2051,2051,Athens State University,2,Athens,Alabama,09-10-2020
2052,2052,Auburn University*,"1,074",Auburn,Alabama,09-10-2020
2053,2053,Auburn University at Montgomery,2,Montgomery,Alabama,09-10-2020
2054,2054,Jacksonville State University,219,Jacksonville,Alabama,09-10-2020
2055,2055,Samford University,95,Birmingham,Alabama,09-10-2020
2056,2056,Troy University,40,Troy,Alabama,09-10-2020
2057,2057,Troy University Dothan,6,Dothan,Alabama,09-10-2020
2058,2058,Troy University Montgomery,3,Montgomery,Alabama,09-10-2020
2059,2059,Troy University-Phenix City Campus,5,Phenix,Alabama,09-10-2020
2060,2060,Tuskegee University,24,Tuskeegee,Alabama,09-10-2020
2061,2061,University of Alabama,"1,367",Tuscaloosa,Alabama,09-10-2020
2062,2062,University of Alabama at Birmingham*,"1,027",Birmingham,Alabama,09-10-2020
2063,2063,University of Alabama in Huntsville,17,Huntsville,Alabama,09-10-2020
2064,2064,University of Montevallo,35,Montevallo,Alabama,09-10-2020
2065,2065,University of North Alabama,63,Florence,Alabama,09-10-2020
2066,2066,University of South Alabama,106,Mobile,Alabama,09-10-2020
2067,2067,University of Alaska Anchorage,3,Anchorage,Alaska,09-10-2020
2068,2068,University of Alaska Fairbanks,30,Fairbanks,Alaska,09-10-2020
2069,2069,University of Alaska Southeast,1,Juneau,Alaska,09-10-2020
2070,2070,Arizona State University,375,Tempe,Arizona,09-10-2020
2071,2071,Embry-Riddle Aeronautical University at Prescott,11,Prescott,Arizona,09-10-2020
2072,2072,Grand Canyon University,43,Phoenix,Arizona,09-10-2020
2073,2073,Midwestern University at Glendale,54,Glendale,Arizona,09-10-2020
2074,2074,Northern Arizona University,19,Flagstaff,Arizona,09-10-2020
2075,2075,University of Arizona,142,Tucson,Arizona,09-10-2020
2076,2076,Arkansas State University,41,Jonesboro,Arkansas,09-10-2020
2077,2077,Arkansas Tech University,6,Russellville,Arkansas,09-10-2020
2078,2078,Harding University,1,Searcy,Arkansas,09-10-2020
2079,2079,Henderson State University,14,Arkadelphia,Arkansas,09-10-2020
2080,2080,Hendrix College,1,Conway,Arkansas,09-10-2020
2081,2081,John Brown University,18,Siloam Springs,Arkansas,09-10-2020
2082,2082,Lyon College,4,Batesville,Arkansas,09-10-2020
2083,2083,National Park College,2,Hot Springs,Arkansas,09-10-2020
2084,2084,NorthWest Arkansas Community College,2,Bentonville,Arkansas,09-10-2020
2085,2085,Southern Arkansas University,70,Magnolia,Arkansas,09-10-2020
2086,2086,University of Arkansas,41,Fayetteville,Arkansas,09-10-2020
2087,2087,University of Arkansas Community College Rich Mountain,2,Mena,Arkansas,09-10-2020
2088,2088,University of Arkansas at Pine Bluff,24,Pine Bluff,Arkansas,09-10-2020
2089,2089,University of Central Arkansas,23,Conway,Arkansas,09-10-2020
2090,2090,University of the Ozarks,30,Clarksville,Arkansas,09-10-2020
2091,2091,Antelope Valley College,5,Lancaster,California,09-10-2020
2092,2092,Biola University,2,La Mirada,California,09-10-2020
2093,2093,California Institute of Technology,21,Pasadena,California,09-10-2020
2094,2094,California Lutheran University,4,Thousand Oaks,California,09-10-2020
2095,2095,"California Polytechnic State University, San Luis Obispo",57,San Luis Obispo,California,09-10-2020
2096,2096,"California State Polytechnic University, Pomona",12,Pomona,California,09-10-2020
2097,2097,California State University Maritime Academy,3,Vallejo,California,09-10-2020
2098,2098,"California State University, Bakersfield",3,Bakersfield,California,09-10-2020
2099,2099,"California State University, Channel Islands",1,Camarillo,California,09-10-2020
2100,2100,"California State University, Chico",78,Chico,California,09-10-2020
2101,2101,"California State University, Dominguez Hills",8,Carson,California,09-10-2020
2102,2102,"California State University, East Bay",16,Hayward,California,09-10-2020
2103,2103,"California State University, Long Beach",71,Long Beach,California,09-10-2020
2104,2104,"California State University, Los Angeles",65,Los Angeles,California,09-10-2020
2105,2105,"California State University, Monterey Bay",2,Marina,California,09-10-2020
2106,2106,"California State University, Northridge",26,Los Angeles,California,09-10-2020
2107,2107,"California State University, Sacramento",20,Sacramento,California,09-10-2020
2108,2108,"California State University, San Bernardino",4,San Bernardino,California,09-10-2020
2109,2109,"California State University, San Marcos",7,San Marcos,California,09-10-2020
2110,2110,Concordia University Irvine,2,Irvine,California,09-10-2020
2111,2111,Cypress College,8,Cypress,California,09-10-2020
2112,2112,Fresno State University,20,Fresno,California,09-10-2020
2113,2113,Harvey Mudd College,5,Claremont,California,09-10-2020
2114,2114,Holy Names University,1,Oakland,California,09-10-2020
2115,2115,Humboldt State University,7,Arcata,California,09-10-2020
2116,2116,Los Angeles Community College District,161,Los Angeles,California,09-10-2020
2117,2117,Loyola Marymount University,1,Los Angeles,California,09-10-2020
2118,2118,Menlo College,3,Atherton,California,09-10-2020
2119,2119,Occidental College,5,Los Angeles,California,09-10-2020
2120,2120,Pepperdine University,21,Malibu,California,09-10-2020
2121,2121,Rio Hondo College*,8,Whittier,California,09-10-2020
2122,2122,Saint Mary's College of California,8,Moraga,California,09-10-2020
2123,2123,San Diego State University System,32,San Diego,California,09-10-2020
2124,2124,San Francisco State University,4,San Francisco,California,09-10-2020
2125,2125,San Jose State University,41,San Jose,California,09-10-2020
2126,2126,Santa Clara University,11,Santa Clara,California,09-10-2020
2127,2127,Santa Monica College,15,Santa Monica,California,09-10-2020
2128,2128,Scripps College,1,Claremont,California,09-10-2020
2129,2129,Shasta College,1,Redding,California,09-10-2020
2130,2130,Stanford University*,136,Stanford,California,09-10-2020
2131,2131,"University of California, Berkeley",146,Berkeley,California,09-10-2020
2132,2132,"University of California, Davis",70,Davis,California,09-10-2020
2133,2133,"University of California, Hastings College of Law",1,San Francisco,California,09-10-2020
2134,2134,"University of California, Irvine",97,Irvine,California,09-10-2020
2135,2135,"University of California, Los Angeles",126,Los Angeles,California,09-10-2020
2136,2136,"University of California, Merced",1,Merced,California,09-10-2020
2137,2137,"University of California, Riverside",56,Riverside,California,09-10-2020
2138,2138,"University of California, San Diego*",252,San Diego,California,09-10-2020
2139,2139,"University of California, Santa Barbara",11,Santa Barbara,California,09-10-2020
2140,2140,"University of California, Santa Cruz",16,Santa Cruz,California,09-10-2020
2141,2141,University of Redlands,5,Redlands,California,09-10-2020
2142,2142,University of San Diego,1,San Diego,California,09-10-2020
2143,2143,University of San Francisco,6,San Francisco,California,09-10-2020
2144,2144,University of Southern California,256,Los Angeles,California,09-10-2020
2145,2145,Adams State University,2,Alamosa,Colorado,09-10-2020
2146,2146,Arapahoe Community College,3,Littleton,Colorado,09-10-2020
2147,2147,Colorado Christian University,1,Lakewood,Colorado,09-10-2020
2148,2148,Colorado College,6,Colorado Springs,Colorado,09-10-2020
2149,2149,Colorado School of Mines,15,Golden,Colorado,09-10-2020
2150,2150,Colorado State University,100,Fort Collins,Colorado,09-10-2020
2151,2151,Fort Lewis College,18,Durango,Colorado,09-10-2020
2152,2152,Front Range Community College,2,Westminster,Colorado,09-10-2020
2153,2153,Metropolitan State University of Denver,4,Denver,Colorado,09-10-2020
2154,2154,Pikes Peak Community College,2,Colorado Springs,Colorado,09-10-2020
2155,2155,Regis University,1,Denver,Colorado,09-10-2020
2156,2156,University of Colorado Boulder,68,Boulder,Colorado,09-10-2020
2157,2157,University of Colorado Colorado Springs,3,Colorado Springs,Colorado,09-10-2020
2158,2158,University of Colorado Denver and Anschutz Medical Campus,1,Aurora,Colorado,09-10-2020
2159,2159,University of Denver,14,Denver,Colorado,09-10-2020
2160,2160,University of Northern Colorado,16,Greeley,Colorado,09-10-2020
2161,2161,Western Colorado University,12,Gunnison,Colorado,09-10-2020
2162,2162,Central Connecticut State University,30,New Britain,Connecticut,09-10-2020
2163,2163,Connecticut College,1,New London,Connecticut,09-10-2020
2164,2164,Sacred Heart University,6,Fairfield,Connecticut,09-10-2020
2165,2165,Trinity College,1,Hartford,Connecticut,09-10-2020
2166,2166,United States Coast Guard Academy,9,New London,Connecticut,09-10-2020
2167,2167,University of Connecticut*,186,Storrs,Connecticut,09-10-2020
2168,2168,University of Hartford,1,West Hartford,Connecticut,09-10-2020
2169,2169,Wesleyan University,1,MIddletown,Connecticut,09-10-2020
2170,2170,Yale University,126,New Haven,Connecticut,09-10-2020
2171,2171,Delaware State University,23,Dover,Delaware,09-10-2020
2172,2172,Delaware Technical Community College Dover,2,Dover,Delaware,09-10-2020
2173,2173,Delaware Technical Community College Georgetown,6,Georgetown,Delaware,09-10-2020
2174,2174,Delaware Technical Community College Stanton,3,Stanton,Delaware,09-10-2020
2175,2175,University of Delaware,30,Newark,Delaware,09-10-2020
2176,2176,Barry University,1,Miami,Florida,09-10-2020
2177,2177,Eckerd College,1,Saint Petersburg,Florida,09-10-2020
2178,2178,Embry-Riddle Aeronautical University at Daytona Beach,36,Daytona Beach,Florida,09-10-2020
2179,2179,Flagler College,1,St. Augustine,Florida,09-10-2020
2180,2180,Florida A&M University,9,Tallahassee,Florida,09-10-2020
2181,2181,Florida Atlantic University,6,Boca Raton,Florida,09-10-2020
2182,2182,Florida College,30,Temple Terrace,Florida,09-10-2020
2183,2183,Florida Gulf Coast University,18,Fort Myers,Florida,09-10-2020
2184,2184,Florida Institute of Technology,14,Melbourne,Florida,09-10-2020
2185,2185,Florida International University,139,Miami,Florida,09-10-2020
2186,2186,Florida Polytechnic University,9,Lakeland,Florida,09-10-2020
2187,2187,Florida State College at Jacksonville,14,Jacksonville,Florida,09-10-2020
2188,2188,Florida State University,129,Tallahassee,Florida,09-10-2020
2189,2189,Jacksonville University,16,Jacksonville,Florida,09-10-2020
2190,2190,Miami Dade College,122,Miami,Florida,09-10-2020
2191,2191,New College of Florida,2,Sarasota,Florida,09-10-2020
2192,2192,North Florida College,6,Madison,Florida,09-10-2020
2193,2193,Northwest Florida State College,8,Niceville,Florida,09-10-2020
2194,2194,Nova Southeastern University,1,Fort Lauderdale,Florida,09-10-2020
2195,2195,Palm Beach Atlantic University,20,West Palm Beach,Florida,09-10-2020
2196,2196,Polk State College,26,Winter Haven,Florida,09-10-2020
2197,2197,Rollins College,1,Winter Park,Florida,09-10-2020
2198,2198,South Florida State College,9,Avon Park,Florida,09-10-2020
2199,2199,St. Petersburg College,18,St. Petersburg,Florida,09-10-2020
2200,2200,"State College of Florida, Manatee-Sarasota",23,Bradenton,Florida,09-10-2020
2201,2201,Stetson University,30,DeLand,Florida,09-10-2020
2202,2202,University of Central Florida,754,Orlando,Florida,09-10-2020
2203,2203,University of Florida,196,Gainesville,Florida,09-10-2020
2204,2204,University of Miami*,197,Miami,Florida,09-10-2020
2205,2205,University of North Florida,35,Jacksonville,Florida,09-10-2020
2206,2206,University of South Florida*,238,Tampa,Florida,09-10-2020
2207,2207,University of South Florida Sarasota-Manatee,5,Sarasota,Florida,09-10-2020
2208,2208,"University of South Florida, St. Petersburg",12,St. Petersburg,Florida,09-10-2020
2209,2209,University of Tampa,4,Tampa,Florida,09-10-2020
2210,2210,University of West Florida,70,Pensacola,Florida,09-10-2020
2211,2211,Valencia College,21,Orlando,Florida,09-10-2020
2212,2212,Abraham Baldwin Agricultural College,35,Tifton,Georgia,09-10-2020
2213,2213,Agnes Scott College,1,Decatur,Georgia,09-10-2020
2214,2214,Albany State University,37,Albany,Georgia,09-10-2020
2215,2215,Augusta University,115,Augusta,Georgia,09-10-2020
2216,2216,Berry College,29,Mount Berry,Georgia,09-10-2020
2217,2217,Clayton State University,48,Morrow,Georgia,09-10-2020
2218,2218,College of Coastal Georgia,35,Brunswick,Georgia,09-10-2020
2219,2219,Dalton State College,9,Dalton,Georgia,09-10-2020
2220,2220,East Georgia State College,15,Swainsboro,Georgia,09-10-2020
2221,2221,Emory University,112,Atlanta,Georgia,09-10-2020
2222,2222,Fort Valley State University,26,Fort Valley,Georgia,09-10-2020
2223,2223,Georgia College & State University,594,Milledgeville,Georgia,09-10-2020
2224,2224,Georgia Gwinnett College,43,Lawrenceville,Georgia,09-10-2020
2225,2225,Georgia Highlands College,14,Rome,Georgia,09-10-2020
2226,2226,Georgia Institute of Technology,532,Atlanta,Georgia,09-10-2020
2227,2227,Georgia Military College,1,Milledgeville,Georgia,09-10-2020
2228,2228,Georgia Southern University,638,Statesboro,Georgia,09-10-2020
2229,2229,Georgia Southwestern State University,16,Americus,Georgia,09-10-2020
2230,2230,Georgia State University,107,Atlanta,Georgia,09-10-2020
2231,2231,LaGrange College,1,LaGrange,Georgia,09-10-2020
2232,2232,Mercer University,135,Macon,Georgia,09-10-2020
2233,2233,Middle Georgia State University,51,Macon,Georgia,09-10-2020
2234,2234,South Georgia State College,4,Douglas,Georgia,09-10-2020
2235,2235,University of Georgia,698,Athens,Georgia,09-10-2020
2236,2236,University of North Georgia,242,Dahlonega,Georgia,09-10-2020
2237,2237,University of West Georgia,93,Carrollton,Georgia,09-10-2020
2238,2238,Valdosta State University,51,Valdosta,Georgia,09-10-2020
2239,2239,Wesleyan College,10,Macon,Georgia,09-10-2020
2240,2240,Hawaii Pacific University,1,Honolulu,Hawaii,09-10-2020
2241,2241,Kapiolani Community College,2,Honolulu,Hawaii,09-10-2020
2242,2242,Leeward Community College,3,Pearl City,Hawaii,09-10-2020
2243,2243,University of Hawaii Maui College,1,Kahului,Hawaii,09-10-2020
2244,2244,University of Hawaii at Manoa,7,Honolulu,Hawaii,09-10-2020
2245,2245,Boise State University,50,Boise,Idaho,09-10-2020
2246,2246,Brigham Young University-Idaho,1,Rexburg,Idaho,09-10-2020
2247,2247,College of Idaho,22,Caldwell,Idaho,09-10-2020
2248,2248,College of Southern Idaho,3,Twin Falls,Idaho,09-10-2020
2249,2249,Idaho State University,44,Pocatello,Idaho,09-10-2020
2250,2250,Lewis-Clark State College,2,Lewiston,Idaho,09-10-2020
2251,2251,Northwest Nazarene University,1,Nampa,Idaho,09-10-2020
2252,2252,University of Idaho,83,Moscow,Idaho,09-10-2020
2253,2253,Aurora University,1,Aurora,Illinois,09-10-2020
2254,2254,Bradley University,21,Peoria,Illinois,09-10-2020
2255,2255,Chicago State University,17,Chicago,Illinois,09-10-2020
2256,2256,Concordia University Chicago,1,River Forest,Illinois,09-10-2020
2257,2257,DePaul University,1,Chicago,Illinois,09-10-2020
2258,2258,Dominican University,1,River Forest,Illinois,09-10-2020
2259,2259,Eastern Illinois University,70,Charleston,Illinois,09-10-2020
2260,2260,Elmhurst College,8,Elmhurst,Illinois,09-10-2020
2261,2261,Eureka College,1,Eureka,Illinois,09-10-2020
2262,2262,Governors State University,3,University Park,Illinois,09-10-2020
2263,2263,Greenville University,9,Greenville,Illinois,09-10-2020
2264,2264,Illinois Institute of Technology,30,Chicago,Illinois,09-10-2020
2265,2265,Illinois State University,"1,029",Normal,Illinois,09-10-2020
2266,2266,Illinois Wesleyan University,40,Bloomington,Illinois,09-10-2020
2267,2267,Lake Forest College,1,Lake Forest,Illinois,09-10-2020
2268,2268,Lewis University,1,Romeoville,Illinois,09-10-2020
2269,2269,Loyola University Chicago,1,Chicago,Illinois,09-10-2020
2270,2270,McKendree University,28,Lebanon,Illinois,09-10-2020
2271,2271,Midwestern University at Downers Grove,30,Downers Grove,Illinois,09-10-2020
2272,2272,Millikin University,3,Decatur,Illinois,09-10-2020
2273,2273,Monmouth College,3,Monmouth,Illinois,09-10-2020
2274,2274,North Central College,18,Naperville,Illinois,09-10-2020
2275,2275,North Park University,4,Chicago,Illinois,09-10-2020
2276,2276,Northeastern Illinois University,39,Chicago,Illinois,09-10-2020
2277,2277,Northern Illinois University,11,Dekalb,Illinois,09-10-2020
2278,2278,Northwestern University,59,Evanston,Illinois,09-10-2020
2279,2279,Olivet Nazarene University,9,Bourbonnais,Illinois,09-10-2020
2280,2280,Principia College,1,Elsah,Illinois,09-10-2020
2281,2281,Quincy University,3,Quincy,Illinois,09-10-2020
2282,2282,Saint Xavier University,4,Chicago,Illinois,09-10-2020
2283,2283,School of the Art Institute of Chicago,1,Chicago,Illinois,09-10-2020
2284,2284,Southern Illinois University Carbondale,6,Carbondale,Illinois,09-10-2020
2285,2285,Southern Illinois University Edwardsville,1,Edwardsville,Illinois,09-10-2020
2286,2286,University of Chicago,49,Chicago,Illinois,09-10-2020
2287,2287,University of Illinois Springfield,15,Springfield,Illinois,09-10-2020
2288,2288,University of Illinois Urbana-Champaign,772,Champaign,Illinois,09-10-2020
2289,2289,University of Illinois at Chicago,54,Chicago,Illinois,09-10-2020
2290,2290,Western Illinois University,32,Macomb,Illinois,09-10-2020
2291,2291,Wheaton College,3,Wheaton,Illinois,09-10-2020
2292,2292,Ball State University,590,Muncie,Indiana,09-10-2020
2293,2293,Butler University,53,Indianapolis,Indiana,09-10-2020
2294,2294,DePauw University,30,Greencastle,Indiana,09-10-2020
2295,2295,Goshen College,1,Goshen,Indiana,09-10-2020
2296,2296,Indiana State University,20,Terre Haute,Indiana,09-10-2020
2297,2297,Indiana University Bloomington,12,Bloomington,Indiana,09-10-2020
2298,2298,Purdue University,145,West Lafayette,Indiana,09-10-2020
2299,2299,Purdue University Fort Wayne,1,Fort Wayne,Indiana,09-10-2020
2300,2300,Purdue University Northwest,7,Hammond,Indiana,09-10-2020
2301,2301,Saint Mary's College,34,Notre Dame,Indiana,09-10-2020
2302,2302,Taylor University,3,Upland,Indiana,09-10-2020
2303,2303,Trine University,11,Angola,Indiana,09-10-2020
2304,2304,University of Evansville,14,Evansville,Indiana,09-10-2020
2305,2305,University of Notre Dame,579,Notre Dame,Indiana,09-10-2020
2306,2306,University of Southern Indiana,31,Evansville,Indiana,09-10-2020
2307,2307,Valparaiso University,9,Valparaiso,Indiana,09-10-2020
2308,2308,Wabash College,3,Crawfordsville,Indiana,09-10-2020
2309,2309,Clarke University,11,Dubuque,Iowa,09-10-2020
2310,2310,Coe College,24,Cedar Rapids,Iowa,09-10-2020
2311,2311,Dordt University,9,Sioux Center,Iowa,09-10-2020
2312,2312,Graceland University,7,Lamoni,Iowa,09-10-2020
2313,2313,Iowa State University,852,Ames,Iowa,09-10-2020
2314,2314,Iowa Wesleyan University,36,Mount Pleasant,Iowa,09-10-2020
2315,2315,Luther College,3,Decorah,Iowa,09-10-2020
2316,2316,Morningside College,4,Sioux City,Iowa,09-10-2020
2317,2317,Northwestern College,17,Orange City,Iowa,09-10-2020
2318,2318,Simpson College,7,Indianola,Iowa,09-10-2020
2319,2319,University of Iowa,962,Iowa City,Iowa,09-10-2020
2320,2320,University of Northern Iowa,78,Cedar Falls,Iowa,09-10-2020
2321,2321,Upper Iowa University,9,Fayette,Iowa,09-10-2020
2322,2322,Wartburg College,7,Waverly,Iowa,09-10-2020
2323,2323,William Penn University,30,Oskaloosa,Iowa,09-10-2020
2324,2324,Baker University,24,Baldwin City,Kansas,09-10-2020
2325,2325,Benedictine College,43,Atchison,Kansas,09-10-2020
2326,2326,Bethel College,54,North Newton,Kansas,09-10-2020
2327,2327,Butler Community College,27,El Dorado,Kansas,09-10-2020
2328,2328,Central Christian College,8,McPherson,Kansas,09-10-2020
2329,2329,Emporia State University,18,Emporia,Kansas,09-10-2020
2330,2330,Fort Hays State University,33,Hays,Kansas,09-10-2020
2331,2331,Johnson County Community College,26,Overland Park,Kansas,09-10-2020
2332,2332,Kansas State University,409,Manhattan,Kansas,09-10-2020
2333,2333,Kansas Wesleyan University,5,Salina,Kansas,09-10-2020
2334,2334,Labette Community College,5,Parsons,Kansas,09-10-2020
2335,2335,Newman University,4,Whichita,Kansas,09-10-2020
2336,2336,Pittsburg State University,96,Pittsburg,Kansas,09-10-2020
2337,2337,University of Kansas,540,Lawrence,Kansas,09-10-2020
2338,2338,Washburn University,30,Topeka,Kansas,09-10-2020
2339,2339,Wichita State University,35,Wichita,Kansas,09-10-2020
2340,2340,Alice Lloyd College,9,Pippa Passes,Kentucky,09-10-2020
2341,2341,Asbury University,2,Wilmore,Kentucky,09-10-2020
2342,2342,Bellarmine University,10,Louisville,Kentucky,09-10-2020
2343,2343,Berea College,2,Berea,Kentucky,09-10-2020
2344,2344,Big Sandy Community and Technical College,1,Prestonsburg,Kentucky,09-10-2020
2345,2345,Campbellsville University,7,Campbellsville,Kentucky,09-10-2020
2346,2346,Centre College,7,Danville,Kentucky,09-10-2020
2347,2347,Eastern Kentucky University,56,Richmond,Kentucky,09-10-2020
2348,2348,Elizabethtown Community and Technical College,3,Elizabethtown,Kentucky,09-10-2020
2349,2349,Georgetown College,27,Georgetown,Kentucky,09-10-2020
2350,2350,Henderson Community College,2,Henderson,Kentucky,09-10-2020
2351,2351,Kentucky State University,5,Frankfort,Kentucky,09-10-2020
2352,2352,Kentucky Wesleyan College,13,Owensboro,Kentucky,09-10-2020
2353,2353,Madisonville Community College,1,Madisonville,Kentucky,09-10-2020
2354,2354,Morehead State University,38,Morehead,Kentucky,09-10-2020
2355,2355,Murray State University,43,Murray,Kentucky,09-10-2020
2356,2356,Northern Kentucky University,3,Highland Heights,Kentucky,09-10-2020
2357,2357,Southcentral Kentucky Community and Technical College,6,Bowling Green,Kentucky,09-10-2020
2358,2358,Spalding University,1,Louisville,Kentucky,09-10-2020
2359,2359,Thomas More University,6,Crestview Hills,Kentucky,09-10-2020
2360,2360,Transylvania University,30,Lexington,Kentucky,09-10-2020
2361,2361,Union College,33,Barbourville,Kentucky,09-10-2020
2362,2362,University of Kentucky,760,Lexington,Kentucky,09-10-2020
2363,2363,University of Louisville,124,Louisville,Kentucky,09-10-2020
2364,2364,University of Pikeville,8,Pikeville,Kentucky,09-10-2020
2365,2365,University of the Cumberlands,3,Williamsburg,Kentucky,09-10-2020
2366,2366,West Kentucky Community and Technical College,3,Paducah,Kentucky,09-10-2020
2367,2367,Western Kentucky University,299,Bowling Green,Kentucky,09-10-2020
2368,2368,Centenary College of Louisiana,20,Shreveport,Louisiana,09-10-2020
2369,2369,Grambling State University,8,Grambling,Louisiana,09-10-2020
2370,2370,Louisiana State University,47,Baton Rouge,Louisiana,09-10-2020
2371,2371,Louisiana State University Alexandria,9,Alexandria,Louisiana,09-10-2020
2372,2372,"Louisiana State University Health Sciences Center, New Orleans*",232,New Orleans,Louisiana,09-10-2020
2373,2373,"Louisiana State University Health Sciences Center, Shreveport*",1,Shreveport,Louisiana,09-10-2020
2374,2374,Louisiana Tech University,25,Ruston,Louisiana,09-10-2020
2375,2375,Loyola University New Orleans,19,New Orleans,Louisiana,09-10-2020
2376,2376,Nicholls State University,60,Thibodaux,Louisiana,09-10-2020
2377,2377,Northwestern State University of Louisiana,30,Natchitoches,Louisiana,09-10-2020
2378,2378,Southeastern Louisiana University,1,Hammond,Louisiana,09-10-2020
2379,2379,Southern University Law Center,7,Baton Rouge,Louisiana,09-10-2020
2380,2380,Southern University and A&M College,42,Baton Rouge,Louisiana,09-10-2020
2381,2381,Southern University at New Orleans,15,New Orleans,Louisiana,09-10-2020
2382,2382,Tulane University of Louisiana,155,New Orleans,Louisiana,09-10-2020
2383,2383,University of Louisiana Monroe,15,Monroe,Louisiana,09-10-2020
2384,2384,University of Louisiana at Lafayette,6,Lafeyette,Louisiana,09-10-2020
2385,2385,University of New Orleans,8,New Orleans,Louisiana,09-10-2020
2386,2386,Bates College,3,Lewiston,Maine,09-10-2020
2387,2387,Colby College,7,Waterville,Maine,09-10-2020
2388,2388,Maine Maritime Academy,1,Castine,Maine,09-10-2020
2389,2389,University of Maine,6,Orono,Maine,09-10-2020
2390,2390,University of Maine Farmington,1,Farmington,Maine,09-10-2020
2391,2391,University of Maine at Fort Kent,1,Fort Kent,Maine,09-10-2020
2392,2392,University of New England,2,Biddeford,Maine,09-10-2020
2393,2393,University of Southern Maine,2,Portland,Maine,09-10-2020
2394,2394,Bowie State University,7,Bowie,Maryland,09-10-2020
2395,2395,Hood College,4,Frederick,Maryland,09-10-2020
2396,2396,Johns Hopkins University,1,Baltimore,Maryland,09-10-2020
2397,2397,McDaniel College,5,Westminster,Maryland,09-10-2020
2398,2398,Morgan State University,13,Baltimore,Maryland,09-10-2020
2399,2399,Mount St. Mary's University,17,Emmitsburg,Maryland,09-10-2020
2400,2400,Salisbury University,12,Salisbury,Maryland,09-10-2020
2401,2401,St. Mary's College of Maryland,4,St. Mary's City,Maryland,09-10-2020
2402,2402,Stevenson University,45,Stevenson,Maryland,09-10-2020
2403,2403,Towson University,124,Towson,Maryland,09-10-2020
2404,2404,United States Naval Academy,7,Annapolis,Maryland,09-10-2020
2405,2405,University of Maryland Eastern Shore,23,Princess Anne,Maryland,09-10-2020
2406,2406,"University of Maryland, Baltimore",1,Baltimore,Maryland,09-10-2020
2407,2407,"University of Maryland, Baltimore County",31,Baltimore,Maryland,09-10-2020
2408,2408,"University of Maryland, College Park",51,College Park,Maryland,09-10-2020
2409,2409,American International College,1,Springfield,Massachusetts,09-10-2020
2410,2410,Amherst College,3,Amherst,Massachusetts,09-10-2020
2411,2411,Anna Maria College,1,Paxton,Massachusetts,09-10-2020
2412,2412,Babson College,2,Wellesley,Massachusetts,09-10-2020
2413,2413,Bentley University,2,Waltham,Massachusetts,09-10-2020
2414,2414,Boston College,10,Chestnut Hill,Massachusetts,09-10-2020
2415,2415,Boston University,44,Boston,Massachusetts,09-10-2020
2416,2416,Brandeis University,9,Waltham,Massachusetts,09-10-2020
2417,2417,Clark University,4,Worcester,Massachusetts,09-10-2020
2418,2418,College of the Holy Cross,1,Worcester,Massachusetts,09-10-2020
2419,2419,Eastern Nazarene College,6,Quincy,Massachusetts,09-10-2020
2420,2420,Emerson College,3,Boston,Massachusetts,09-10-2020
2421,2421,Emmanuel College,4,Boston,Massachusetts,09-10-2020
2422,2422,Framingham State University,2,Framingham,Massachusetts,09-10-2020
2423,2423,Harvard University,34,Cambridge,Massachusetts,09-10-2020
2424,2424,Hebrew College,1,Newton Centre,Massachusetts,09-10-2020
2425,2425,Massachusetts College of Pharmacy and Health Sciences*,4,Boston,Massachusetts,09-10-2020
2426,2426,Massachusetts Institute of Technology,8,Cambridge,Massachusetts,09-10-2020
2427,2427,Mount Holyoke College,3,South Hadley,Massachusetts,09-10-2020
2428,2428,Northeastern University,10,Boston,Massachusetts,09-10-2020
2429,2429,Smith College,2,Northampton,Massachusetts,09-10-2020
2430,2430,Suffolk University,13,Boston,Massachusetts,09-10-2020
2431,2431,Tufts University,3,Medford,Massachusetts,09-10-2020
2432,2432,University of Massachusetts Amherst,12,Amherst,Massachusetts,09-10-2020
2433,2433,University of Massachusetts Boston,16,Boston,Massachusetts,09-10-2020
2434,2434,University of Massachusetts Dartmouth,1,Dartmouth,Massachusetts,09-10-2020
2435,2435,University of Massachusetts Lowell,2,Lowell,Massachusetts,09-10-2020
2436,2436,University of Massachusetts Medical School*,8,Worcester,Massachusetts,09-10-2020
2437,2437,Wellesley College,2,Wellesley,Massachusetts,09-10-2020
2438,2438,Western New England University,3,Springfield,Massachusetts,09-10-2020
2439,2439,Wheaton College,1,Norton,Massachusetts,09-10-2020
2440,2440,Williams College,1,Williamstown,Massachusetts,09-10-2020
2441,2441,Worcester Polytechnic Institute,3,Worcester,Massachusetts,09-10-2020
2442,2442,Worcester State University,33,Worcester,Massachusetts,09-10-2020
2443,2443,Adrian College,124,Adrian,Michigan,09-10-2020
2444,2444,Alma College,4,Alma,Michigan,09-10-2020
2445,2445,Andrews University,8,Berrien Springs,Michigan,09-10-2020
2446,2446,Aquinas College,4,Grand Rapids,Michigan,09-10-2020
2447,2447,Central Michigan University,142,Mount Pleasant,Michigan,09-10-2020
2448,2448,Davenport University,1,Grand Rapids,Michigan,09-10-2020
2449,2449,Eastern Michigan University,15,Ypsilanti,Michigan,09-10-2020
2450,2450,Ferris State University,10,Big Rapids,Michigan,09-10-2020
2451,2451,Finlandia University,2,Hancock,Michigan,09-10-2020
2452,2452,Grand Rapids Community College,2,Grand Rapids,Michigan,09-10-2020
2453,2453,Henry Ford College,2,Dearborn,Michigan,09-10-2020
2454,2454,Hope College,42,Holland,Michigan,09-10-2020
2455,2455,Lake Superior State University,1,Sault Ste. Marie,Michigan,09-10-2020
2456,2456,Michigan State University,49,East Lansing,Michigan,09-10-2020
2457,2457,Michigan Technological University,8,Houghton,Michigan,09-10-2020
2458,2458,Northern Michigan University,39,Marquette,Michigan,09-10-2020
2459,2459,Northwestern Michigan College,2,Traverse City,Michigan,09-10-2020
2460,2460,Oakland University,10,Rochester,Michigan,09-10-2020
2461,2461,Olivet College,4,Olivet,Michigan,09-10-2020
2462,2462,Saginaw Valley State University,9,University Center,Michigan,09-10-2020
2463,2463,Spring Arbor University,3,Spring Arbor,Michigan,09-10-2020
2464,2464,University of Detroit Mercy,5,Detroit,Michigan,09-10-2020
2465,2465,University of Michigan,322,Ann Arbor,Michigan,09-10-2020
2466,2466,Wayne State University,27,Detroit,Michigan,09-10-2020
2467,2467,Western Michigan University,69,Kalamazoo,Michigan,09-10-2020
2468,2468,Augsburg University,1,Minneapolis,Minnesota,09-10-2020
2469,2469,Bemidji State University,7,Bemidji,Minnesota,09-10-2020
2470,2470,Bethel University,3,Saint Paul,Minnesota,09-10-2020
2471,2471,Carleton College,7,Northfield,Minnesota,09-10-2020
2472,2472,Gustavus Adolphus College,2,Saint Peter,Minnesota,09-10-2020
2473,2473,Macalester College,4,St. Paul,Minnesota,09-10-2020
2474,2474,Martin Luther College,2,New Ulm,Minnesota,09-10-2020
2475,2475,Metropolitan State University,14,Saint Paul,Minnesota,09-10-2020
2476,2476,Minnesota State University Moorhead,7,Moorhead,Minnesota,09-10-2020
2477,2477,"Minnesota State University, Mankato",31,Mankato,Minnesota,09-10-2020
2478,2478,Saint Mary's University of Minnesota,16,Winona,Minnesota,09-10-2020
2479,2479,Southwest Minnesota State University,6,Marshall,Minnesota,09-10-2020
2480,2480,St. Cloud State University,1,St. Cloud,Minnesota,09-10-2020
2481,2481,St. Olaf College,31,Northfield,Minnesota,09-10-2020
2482,2482,University of Minnesota Twin Cities,79,Minneapolis,Minnesota,09-10-2020
2483,2483,Winona State University,25,Winona,Minnesota,09-10-2020
2484,2484,Delta State University,5,Cleveland,Mississippi,09-10-2020
2485,2485,Jackson State University,8,Jacksonville,Mississippi,09-10-2020
2486,2486,Millsaps College,10,Jackson,Mississippi,09-10-2020
2487,2487,Mississippi College,5,Clinton,Mississippi,09-10-2020
2488,2488,Mississippi State University,349,Mississippi State,Mississippi,09-10-2020
2489,2489,Mississippi University for Women*,23,Columbus,Mississippi,09-10-2020
2490,2490,Mississippi Valley State University,16,Itta Bena,Mississippi,09-10-2020
2491,2491,Rust College,1,Holly Springs,Mississippi,09-10-2020
2492,2492,University of Mississippi,325,Oxford,Mississippi,09-10-2020
2493,2493,University of Southern Mississippi,100,Hattiesburg,Mississippi,09-10-2020
2494,2494,Central Methodist University,47,Fayette,Missouri,09-10-2020
2495,2495,College of the Ozarks,2,Point Lookout,Missouri,09-10-2020
2496,2496,Crowder College,22,Neosho,Missouri,09-10-2020
2497,2497,Drury University,15,Springfield,Missouri,09-10-2020
2498,2498,Evangel University,48,Springfield,Missouri,09-10-2020
2499,2499,Fontbonne University,2,Saint Louis,Missouri,09-10-2020
2500,2500,Harris-Stowe State University,21,St. Louis,Missouri,09-10-2020
2501,2501,Lincoln University of Missouri,3,Jefferson City,Missouri,09-10-2020
2502,2502,Lindenwood University,5,St. Charles,Missouri,09-10-2020
2503,2503,Maryville University Saint Louis,32,St. Louis,Missouri,09-10-2020
2504,2504,Missouri Baptist University,13,St. Louis,Missouri,09-10-2020
2505,2505,Missouri Southern State University,4,Joplin,Missouri,09-10-2020
2506,2506,Missouri State University,333,Springfield,Missouri,09-10-2020
2507,2507,Missouri University of Science and Technology,27,Rolla,Missouri,09-10-2020
2508,2508,Missouri Western State University,1,St. Joseph,Missouri,09-10-2020
2509,2509,Northwest Missouri State University,276,Maryville,Missouri,09-10-2020
2510,2510,Saint Louis University,54,St. Louis,Missouri,09-10-2020
2511,2511,Southeast Missouri State University,30,Cape Girardeau,Missouri,09-10-2020
2512,2512,Southwest Baptist University,4,Bolivar,Missouri,09-10-2020
2513,2513,St. Louis College of Pharmacy*,6,St. Louis,Missouri,09-10-2020
2514,2514,St. Louis Community College,9,St. Louis,Missouri,09-10-2020
2515,2515,Stephens College,2,Columbia,Missouri,09-10-2020
2516,2516,Truman State University,23,Kirksville,Missouri,09-10-2020
2517,2517,University of Central Missouri,2,Warrensburg,Missouri,09-10-2020
2518,2518,University of Missouri,633,Columbia,Missouri,09-10-2020
2519,2519,University of Missouri-Kansas City,32,Kansas City,Missouri,09-10-2020
2520,2520,University of Missouri-St. Louis*,23,Bellerive Acres,Missouri,09-10-2020
2521,2521,Washington University in St. Louis*,4,St. Louis,Missouri,09-10-2020
2522,2522,Webster University,2,Saint Louis,Missouri,09-10-2020
2523,2523,Westminster College,9,Fulton,Missouri,09-10-2020
2524,2524,William Jewell College,9,Liberty,Missouri,09-10-2020
2525,2525,William Woods University,24,Fulton,Missouri,09-10-2020
2526,2526,Carroll College,4,Helena,Montana,09-10-2020
2527,2527,Montana State University,36,Bozeman,Montana,09-10-2020
2528,2528,Chadron State College,25,Chadron,Nebraska,09-10-2020
2529,2529,"Concordia University, Nebraska",38,Seward,Nebraska,09-10-2020
2530,2530,Creighton University,119,Omaha,Nebraska,09-10-2020
2531,2531,Doane University,3,Crete,Nebraska,09-10-2020
2532,2532,Hastings College,6,Hastings,Nebraska,09-10-2020
2533,2533,Midland University,3,Fremont,Nebraska,09-10-2020
2534,2534,University of Nebraska Medical Center*,12,Omaha,Nebraska,09-10-2020
2535,2535,University of Nebraska at Kearney,8,Kearney,Nebraska,09-10-2020
2536,2536,University of Nebraska at Omaha,28,Omaha,Nebraska,09-10-2020
2537,2537,University of Nebraska-Lincoln,255,Lincoln,Nebraska,09-10-2020
2538,2538,College of Southern Nevada,44,Las Vegas,Nevada,09-10-2020
2539,2539,Nevada State College,9,Henderson,Nevada,09-10-2020
2540,2540,"University of Nevada, Las Vegas",75,Las Vegas,Nevada,09-10-2020
2541,2541,"University of Nevada, Reno",53,Reno,Nevada,09-10-2020
2542,2542,Dartmouth College,8,Hanover,New Hampshire,09-10-2020
2543,2543,Franklin Pierce University,9,Rindge,New Hampshire,09-10-2020
2544,2544,New England College,5,Henniker,New Hampshire,09-10-2020
2545,2545,Plymouth State University,14,Plymouth,New Hampshire,09-10-2020
2546,2546,Saint Anselm College,2,Manchester,New Hampshire,09-10-2020
2547,2547,Bloomfield College,14,Bloomfield,New Jersey,09-10-2020
2548,2548,Caldwell University,1,Caldwell,New Jersey,09-10-2020
2549,2549,Centenary University,1,Hackettstown,New Jersey,09-10-2020
2550,2550,Drew University,1,Madison,New Jersey,09-10-2020
2551,2551,Fairleigh Dickinson University,2,Teaneck,New Jersey,09-10-2020
2552,2552,Fairleigh Dickinson University Florham,2,Madison,New Jersey,09-10-2020
2553,2553,Kean University,4,Union,New Jersey,09-10-2020
2554,2554,Monmouth University,3,West Long Branch,New Jersey,09-10-2020
2555,2555,Montclair State University,9,Montclair,New Jersey,09-10-2020
2556,2556,New Jersey City University,1,Jersey City,New Jersey,09-10-2020
2557,2557,New Jersey Institute of Technology,6,Newark,New Jersey,09-10-2020
2558,2558,Princeton University,50,Princeton,New Jersey,09-10-2020
2559,2559,Ramapo College of New Jersey,22,Mahwah,New Jersey,09-10-2020
2560,2560,Rider University,5,Lawrenceville,New Jersey,09-10-2020
2561,2561,Rowan University,47,Glassboro,New Jersey,09-10-2020
2562,2562,Rutgers University,91,New Brunswick,New Jersey,09-10-2020
2563,2563,Saint Peter's University,4,Jersey City,New Jersey,09-10-2020
2564,2564,Seton Hall University,10,South Orange,New Jersey,09-10-2020
2565,2565,Stevens Institute of Technology,10,Hoboken,New Jersey,09-10-2020
2566,2566,William Paterson University,1,Wayne,New Jersey,09-10-2020
2567,2567,New Mexico Highlands University,7,Las Vegas,New Mexico,09-10-2020
2568,2568,New Mexico State University,39,Las Cruces,New Mexico,09-10-2020
2569,2569,Santa Fe Community College,1,Santa Fe,New Mexico,09-10-2020
2570,2570,University of New Mexico*,34,Albuquerque,New Mexico,09-10-2020
2571,2571,Western New Mexico University,9,Silver City,New Mexico,09-10-2020
2572,2572,Barnard College,1,New York City,New York,09-10-2020
2573,2573,CUNY Baruch College,32,New York City,New York,09-10-2020
2574,2574,CUNY Borough of Manhattan Community College,16,New York City,New York,09-10-2020
2575,2575,CUNY Bronx Community College,11,New York City,New York,09-10-2020
2576,2576,CUNY Brooklyn College,23,New York City,New York,09-10-2020
2577,2577,CUNY City College of New York,22,New York City,New York,09-10-2020
2578,2578,CUNY College of Staten Island,1,New York City,New York,09-10-2020
2579,2579,CUNY Guttman Community College,1,New York City,New York,09-10-2020
2580,2580,CUNY Hostos Community College,1,New York City,New York,09-10-2020
2581,2581,CUNY Hunter College,51,New York City,New York,09-10-2020
2582,2582,CUNY John Jay College of Criminal Justice,6,New York City,New York,09-10-2020
2583,2583,CUNY Kingsborough Community College,6,New York City,New York,09-10-2020
2584,2584,CUNY LaGuardia Community College,36,New York City,New York,09-10-2020
2585,2585,CUNY Lehman College,8,New York City,New York,09-10-2020
2586,2586,CUNY Medgar Evers College,1,New York City,New York,09-10-2020
2587,2587,CUNY New York City College of Technology,8,New York City,New York,09-10-2020
2588,2588,CUNY Queens College,18,New York City,New York,09-10-2020
2589,2589,CUNY Queensborough Community College,3,New York City,New York,09-10-2020
2590,2590,CUNY York College,35,New York City,New York,09-10-2020
2591,2591,Cazenovia College,2,Cazenovia,New York,09-10-2020
2592,2592,Clarkson University,10,Potsdam,New York,09-10-2020
2593,2593,Colgate University,4,Hamilton,New York,09-10-2020
2594,2594,Columbia University,6,New York City,New York,09-10-2020
2595,2595,Concordia College New York,6,Bronxville,New York,09-10-2020
2596,2596,Cornell University,34,Ithaca,New York,09-10-2020
2597,2597,Elmira College,2,Elmira,New York,09-10-2020
2598,2598,Hobart William Smith Colleges,1,Geneva,New York,09-10-2020
2599,2599,Hofstra University,13,Hempstead,New York,09-10-2020
2600,2600,Houghton College,1,Houghton,New York,09-10-2020
2601,2601,Ithaca College,2,Ithaca,New York,09-10-2020
2602,2602,Le Moyne College,27,Syracuse,New York,09-10-2020
2603,2603,Long Island University,1,Brookville,New York,09-10-2020
2604,2604,Manhattan College,23,New York City,New York,09-10-2020
2605,2605,Mercy College,12,Dobbs Ferry,New York,09-10-2020
2606,2606,Nazareth College,8,Rochester,New York,09-10-2020
2607,2607,New York University,8,New York City,New York,09-10-2020
2608,2608,Pratt Institute,2,New York City,New York,09-10-2020
2609,2609,Rensselaer Polytechnic Institute,3,Troy,New York,09-10-2020
2610,2610,Roberts Wesleyan College,1,Rochester,New York,09-10-2020
2611,2611,Rochester Institute of Technology,10,Rochester,New York,09-10-2020
2612,2612,SUNY Albany,1,Albany,New York,09-10-2020
2613,2613,SUNY Alfred State College of Technology,3,Alfred,New York,09-10-2020
2614,2614,SUNY Binghamton,28,Vestal,New York,09-10-2020
2615,2615,SUNY Brockport,2,Brockport,New York,09-10-2020
2616,2616,SUNY Buffalo State,15,Buffalo,New York,09-10-2020
2617,2617,SUNY Canton,1,Canton,New York,09-10-2020
2618,2618,SUNY College at Potsdam,8,Potsdam,New York,09-10-2020
2619,2619,SUNY College of Environmental Science and Forestry,1,Syracuse,New York,09-10-2020
2620,2620,SUNY Geneseo,4,Geneseo,New York,09-10-2020
2621,2621,SUNY Maritime College,5,New York City,New York,09-10-2020
2622,2622,SUNY New Paltz,34,New Paltz,New York,09-10-2020
2623,2623,SUNY Oneonta,177,Oneonta,New York,09-10-2020
2624,2624,SUNY Oswego,3,Oswego,New York,09-10-2020
2625,2625,SUNY Plattsburgh,5,Plattsburgh,New York,09-10-2020
2626,2626,SUNY Polytechnic Institute,3,Utica,New York,09-10-2020
2627,2627,SUNY Purchase College,12,Purchase,New York,09-10-2020
2628,2628,SUNY University at Buffalo,15,Buffalo,New York,09-10-2020
2629,2629,SUNY at Fredonia,4,Fredonia,New York,09-10-2020
2630,2630,Siena College,1,Loudonville,New York,09-10-2020
2631,2631,Skidmore College,2,Saratoga Springs,New York,09-10-2020
2632,2632,St. Bonaventure University,1,St. Bonaventure,New York,09-10-2020
2633,2633,St. Francis College,2,New York City,New York,09-10-2020
2634,2634,St. John's University,9,New York City,New York,09-10-2020
2635,2635,St. Joseph's College Long Island,1,Patchogue,New York,09-10-2020
2636,2636,St. Lawrence University,2,Canton,New York,09-10-2020
2637,2637,St. Thomas Aquinas College,1,Sparkill,New York,09-10-2020
2638,2638,Stony Brook University,2,Stony Brook,New York,09-10-2020
2639,2639,Syracuse University,31,Syracuse,New York,09-10-2020
2640,2640,The College of Saint Rose,1,Albany,New York,09-10-2020
2641,2641,"The Graduate Center, CUNY",1,New York City,New York,09-10-2020
2642,2642,The New School,2,New York City,New York,09-10-2020
2643,2643,United States Merchant Marine Academy,3,Kings Point,New York,09-10-2020
2644,2644,United States Military Academy West Point,109,West Point,New York,09-10-2020
2645,2645,University of Rochester,14,Rochester,New York,09-10-2020
2646,2646,Utica College,4,Utica,New York,09-10-2020
2647,2647,Vassar College,22,Poughkeepsie,New York,09-10-2020
2648,2648,Wagner College,2,New York City,New York,09-10-2020
2649,2649,Appalachian State University,254,Boone,North Carolina,09-10-2020
2650,2650,Belmont Abbey College,38,Belmont,North Carolina,09-10-2020
2651,2651,Brevard College,1,Brevard,North Carolina,09-10-2020
2652,2652,Campbell University,4,Bules Creek,North Carolina,09-10-2020
2653,2653,Carolinas College of Health Sciences*,2,Charlotte,North Carolina,09-10-2020
2654,2654,Catawba College,3,Salisbury,North Carolina,09-10-2020
2655,2655,Davidson College,14,Davidson,North Carolina,09-10-2020
2656,2656,Duke University,72,Durham,North Carolina,09-10-2020
2657,2657,Durham Technical Community College,3,Durham,North Carolina,09-10-2020
2658,2658,East Carolina University,971,Greenville,North Carolina,09-10-2020
2659,2659,Elizabeth City State University,12,Elizabeth City,North Carolina,09-10-2020
2660,2660,Elon University,21,Elon,North Carolina,09-10-2020
2661,2661,Fayetteville State University,36,Fayetteville,North Carolina,09-10-2020
2662,2662,Gardner-Webb University,20,Boiling Springs,North Carolina,09-10-2020
2663,2663,Greensboro College,7,Greensboro,North Carolina,09-10-2020
2664,2664,Guilford College,8,Greensboro,North Carolina,09-10-2020
2665,2665,High Point University,11,High Point,North Carolina,09-10-2020
2666,2666,Johnson C Smith University,1,Charlotte,North Carolina,09-10-2020
2667,2667,Lees-McRae College,3,Banner Elk,North Carolina,09-10-2020
2668,2668,Lenoir-Rhyne University,7,Hickory,North Carolina,09-10-2020
2669,2669,Meredith College,25,Raleigh,North Carolina,09-10-2020
2670,2670,North Carolina A&T State University,37,Greensboro,North Carolina,09-10-2020
2671,2671,North Carolina Central University,29,Durham,North Carolina,09-10-2020
2672,2672,North Carolina State University,871,Raleigh,North Carolina,09-10-2020
2673,2673,North Carolina Wesleyan College,4,Rocky Mount,North Carolina,09-10-2020
2674,2674,Pfeiffer University,2,Misenheimer,North Carolina,09-10-2020
2675,2675,Shaw University,2,Raleigh,North Carolina,09-10-2020
2676,2676,University of Mount Olive,1,Mount Olive,North Carolina,09-10-2020
2677,2677,University of North Carolina Asheville,11,Asheville,North Carolina,09-10-2020
2678,2678,University of North Carolina School of the Arts,4,Winston Salem,North Carolina,09-10-2020
2679,2679,University of North Carolina Wilmington,88,Wilmington,North Carolina,09-10-2020
2680,2680,University of North Carolina at Chapel Hill,"1,100",Chapel Hill,North Carolina,09-10-2020
2681,2681,University of North Carolina at Charlotte,5,Charlotte,North Carolina,09-10-2020
2682,2682,University of North Carolina at Greensboro,39,Greensboro,North Carolina,09-10-2020
2683,2683,University of North Carolina at Pembroke,193,Pembroke,North Carolina,09-10-2020
2684,2684,Wake Forest University,22,Winston-Salem,North Carolina,09-10-2020
2685,2685,Western Carolina University,82,Cullowhee,North Carolina,09-10-2020
2686,2686,William Peace University,2,Raleigh,North Carolina,09-10-2020
2687,2687,Wingate University,3,Wingate,North Carolina,09-10-2020
2688,2688,Winston-Salem State University,21,Winston-Salem,North Carolina,09-10-2020
2689,2689,Bismarck State College,4,Bismarck,North Dakota,09-10-2020
2690,2690,Dakota College at Bottineau,1,Bottineau,North Dakota,09-10-2020
2691,2691,Dickinson State University,23,Dickinson,North Dakota,09-10-2020
2692,2692,Mayville State University,4,Mayville,North Dakota,09-10-2020
2693,2693,Minot State University,11,Minot,North Dakota,09-10-2020
2694,2694,North Dakota State College of Science,5,Wahpeton,North Dakota,09-10-2020
2695,2695,North Dakota State University,72,Fargo,North Dakota,09-10-2020
2696,2696,University of North Dakota,530,Grand Forks,North Dakota,09-10-2020
2697,2697,Valley City State University,21,Valley City,North Dakota,09-10-2020
2698,2698,Williston State College,8,Williston,North Dakota,09-10-2020
2699,2699,Baldwin Wallace University,12,Berea,Ohio,09-10-2020
2700,2700,Bowling Green State University,43,Bowling Green,Ohio,09-10-2020
2701,2701,Bowling Green State University Firelands,1,Huron,Ohio,09-10-2020
2702,2702,Case Western Reserve University,10,Cleveland,Ohio,09-10-2020
2703,2703,Cedarville University,2,Cedarville,Ohio,09-10-2020
2704,2704,Cleveland State University,1,Cleveland,Ohio,09-10-2020
2705,2705,Columbus College of Art and Design,1,Columbus,Ohio,09-10-2020
2706,2706,Franciscan University of Steubenville,2,Steubenville,Ohio,09-10-2020
2707,2707,Heidelberg University,6,Tiffin,Ohio,09-10-2020
2708,2708,Hiram College,4,Hiram,Ohio,09-10-2020
2709,2709,Kent State University,24,Kent,Ohio,09-10-2020
2710,2710,Lake Erie College,3,Painesville,Ohio,09-10-2020
2711,2711,Marietta College,1,Marietta,Ohio,09-10-2020
2712,2712,Miami University Oxford,280,Oxford,Ohio,09-10-2020
2713,2713,Mount Saint Joseph University,1,Cincinnati,Ohio,09-10-2020
2714,2714,Northeast Ohio Medical University*,6,Rootstown,Ohio,09-10-2020
2715,2715,Oberlin College,2,Oberlin,Ohio,09-10-2020
2716,2716,Ohio Northern University,5,Ada,Ohio,09-10-2020
2717,2717,Ohio State University,514,Columbus,Ohio,09-10-2020
2718,2718,Ohio University,22,Athens,Ohio,09-10-2020
2719,2719,Ohio Wesleyan University,27,Delaware,Ohio,09-10-2020
2720,2720,Otterbein University,3,Westerville,Ohio,09-10-2020
2721,2721,Shawnee State University,1,Portsmouth,Ohio,09-10-2020
2722,2722,Sinclair Community College,10,Dayton,Ohio,09-10-2020
2723,2723,The College of Wooster,7,Wooster,Ohio,09-10-2020
2724,2724,Tiffin University,2,Tiffin,Ohio,09-10-2020
2725,2725,University of Akron,9,Akron,Ohio,09-10-2020
2726,2726,University of Cincinnati,77,Cincinnati,Ohio,09-10-2020
2727,2727,University of Dayton,911,Dayton,Ohio,09-10-2020
2728,2728,University of Mount Union,7,Alliance,Ohio,09-10-2020
2729,2729,University of Toledo,61,Toledo,Ohio,09-10-2020
2730,2730,Ursuline College,1,Pepper Pike,Ohio,09-10-2020
2731,2731,Walsh University,2,North Canton,Ohio,09-10-2020
2732,2732,Wilmington College,2,Wilmington,Ohio,09-10-2020
2733,2733,Wittenberg University,2,Springfield,Ohio,09-10-2020
2734,2734,Xavier University,15,Cincinnati,Ohio,09-10-2020
2735,2735,Cameron University,3,Lawton,Oklahoma,09-10-2020
2736,2736,East Central University,3,Ada,Oklahoma,09-10-2020
2737,2737,Northwestern Oklahoma State University,7,Alva,Oklahoma,09-10-2020
2738,2738,Oklahoma Christian University,14,Edmond,Oklahoma,09-10-2020
2739,2739,Oklahoma City University,1,Oklahoma City,Oklahoma,09-10-2020
2740,2740,Oklahoma State University,410,Stillwater,Oklahoma,09-10-2020
2741,2741,Oklahoma State University-Oklahoma City,1,Oklahoma City,Oklahoma,09-10-2020
2742,2742,Oral Roberts University,1,Tulsa,Oklahoma,09-10-2020
2743,2743,Southeastern Oklahoma State University,42,Durant,Oklahoma,09-10-2020
2744,2744,Southwestern Oklahoma State University,27,Weatherford,Oklahoma,09-10-2020
2745,2745,University of Central Oklahoma,76,Edmond,Oklahoma,09-10-2020
2746,2746,University of Oklahoma,173,Norman,Oklahoma,09-10-2020
2747,2747,University of Science and Arts of Oklahoma,1,Chickasha,Oklahoma,09-10-2020
2748,2748,University of Tulsa,8,Tulsa,Oklahoma,09-10-2020
2749,2749,Eastern Oregon University,3,La Grande,Oregon,09-10-2020
2750,2750,Lane Community College,1,Eugene,Oregon,09-10-2020
2751,2751,Lewis & Clark College,1,Portland,Oregon,09-10-2020
2752,2752,Linfield College,1,McMinnville,Oregon,09-10-2020
2753,2753,Oregon Health & Science University*,107,Portland,Oregon,09-10-2020
2754,2754,Oregon Institute of Technology,6,Klamath Falls,Oregon,09-10-2020
2755,2755,Oregon State University,3,Corvallis,Oregon,09-10-2020
2756,2756,Pacific University,1,Forest Grove,Oregon,09-10-2020
2757,2757,Portland State University,2,Portland,Oregon,09-10-2020
2758,2758,Reed College,6,Portland,Oregon,09-10-2020
2759,2759,Southern Oregon University,2,Ashland,Oregon,09-10-2020
2760,2760,University of Oregon,52,Eugene,Oregon,09-10-2020
2761,2761,Western Oregon University,1,Mounmouth,Oregon,09-10-2020
2762,2762,Willamette University,1,Salem,Oregon,09-10-2020
2763,2763,Albright College,1,Reading,Pennsylvania,09-10-2020
2764,2764,Allegheny College,6,Meadville,Pennsylvania,09-10-2020
2765,2765,Bloomsburg University of Pennsylvania,21,Bloomsburg,Pennsylvania,09-10-2020
2766,2766,Bucknell University,10,Lewisburg,Pennsylvania,09-10-2020
2767,2767,California University of Pennsylvania,1,California,Pennsylvania,09-10-2020
2768,2768,Carnegie Mellon University,9,Pittsburgh,Pennsylvania,09-10-2020
2769,2769,Clarion University of Pennsylvania,1,Clarion,Pennsylvania,09-10-2020
2770,2770,Drexel University,2,Philadelphia,Pennsylvania,09-10-2020
2771,2771,Edinboro University,1,Edinboro,Pennsylvania,09-10-2020
2772,2772,Elizabethtown College,6,Elizabethtown,Pennsylvania,09-10-2020
2773,2773,Franklin and Marshall College,2,Lancaster,Pennsylvania,09-10-2020
2774,2774,Gannon University,10,Erie,Pennsylvania,09-10-2020
2775,2775,Gettysburg College,9,Gettysburg,Pennsylvania,09-10-2020
2776,2776,Haverford College,1,Haverford,Pennsylvania,09-10-2020
2777,2777,Indiana University of Pennsylvania,1,Indiana,Pennsylvania,09-10-2020
2778,2778,Juniata College,5,Huntingdom,Pennsylvania,09-10-2020
2779,2779,Keystone College,3,La Plume,Pennsylvania,09-10-2020
2780,2780,La Salle University,2,Philadelphia,Pennsylvania,09-10-2020
2781,2781,Lafayette College,5,Easton,Pennsylvania,09-10-2020
2782,2782,Lock Haven University,2,Lock Haven,Pennsylvania,09-10-2020
2783,2783,Lycoming College,2,Williamsport,Pennsylvania,09-10-2020
2784,2784,Mansfield University of Pennsylvania,1,Mansfield,Pennsylvania,09-10-2020
2785,2785,Messiah University,4,Mechanicsburg,Pennsylvania,09-10-2020
2786,2786,Millersville University of Pennsylvania,5,Millersville,Pennsylvania,09-10-2020
2787,2787,Misericordia University,2,Dallas,Pennsylvania,09-10-2020
2788,2788,Moravian College,1,Bethlehem,Pennsylvania,09-10-2020
2789,2789,Mount Aloysius College,1,Cresson,Pennsylvania,09-10-2020
2790,2790,Penn State University,39,State College,Pennsylvania,09-10-2020
2791,2791,Penn State University Behrend,1,Erie,Pennsylvania,09-10-2020
2792,2792,Penn State University Harrisburg,1,Middletown,Pennsylvania,09-10-2020
2793,2793,Pennsylvania College of Technology,5,Williamsport,Pennsylvania,09-10-2020
2794,2794,Robert Morris University,2,Moon Township,Pennsylvania,09-10-2020
2795,2795,Saint Francis University,2,Loretto,Pennsylvania,09-10-2020
2796,2796,Saint Joseph's University,12,Philadelphia,Pennsylvania,09-10-2020
2797,2797,Shippensburg University of Pennsylvania,13,Shippensburg,Pennsylvania,09-10-2020
2798,2798,Slippery Rock University of Pennsylvania,3,Slippery Rock,Pennsylvania,09-10-2020
2799,2799,Swarthmore College,1,Swarthmore,Pennsylvania,09-10-2020
2800,2800,Temple University,134,Philadelphia,Pennsylvania,09-10-2020
2801,2801,Thiel College,1,Greenville,Pennsylvania,09-10-2020
2802,2802,University of Pennsylvania,211,Philadelphia,Pennsylvania,09-10-2020
2803,2803,University of Pittsburgh,119,Pittsburgh,Pennsylvania,09-10-2020
2804,2804,University of Scranton,5,Scranton,Pennsylvania,09-10-2020
2805,2805,Ursinus College,2,Collegeville,Pennsylvania,09-10-2020
2806,2806,Villanova University,1,Villanova,Pennsylvania,09-10-2020
2807,2807,West Chester University,1,West Chester,Pennsylvania,09-10-2020
2808,2808,Westminster College,3,New Wilmington,Pennsylvania,09-10-2020
2809,2809,Wilkes University,1,Wilkes-Barre,Pennsylvania,09-10-2020
2810,2810,York College of Pennsylvania,1,York,Pennsylvania,09-10-2020
2811,2811,University of Puerto Rico at Cayey,1,Cayey,Puerto Rico,09-10-2020
2812,2812,Brown University,1,Providence,Rhode Island,09-10-2020
2813,2813,Providence College,6,Providence,Rhode Island,09-10-2020
2814,2814,Rhode Island College,1,Providence,Rhode Island,09-10-2020
2815,2815,Roger Williams University,5,Bristol,Rhode Island,09-10-2020
2816,2816,University of Rhode Island,17,Kingston,Rhode Island,09-10-2020
2817,2817,Anderson University,8,Anderson,South Carolina,09-10-2020
2818,2818,Charleston Southern University,23,North Charleston,South Carolina,09-10-2020
2819,2819,Claflin University,1,Orangeburg,South Carolina,09-10-2020
2820,2820,Clemson University,336,Clemson,South Carolina,09-10-2020
2821,2821,Coastal Carolina University,66,Conway,South Carolina,09-10-2020
2822,2822,Furman University,7,Greenville,South Carolina,09-10-2020
2823,2823,Greenville Technical College,99,Greenville,South Carolina,09-10-2020
2824,2824,Limestone College,1,Gaffney,South Carolina,09-10-2020
2825,2825,Medical University of South Carolina*,1,Charleston,South Carolina,09-10-2020
2826,2826,Presbyterian College,16,Clinton,South Carolina,09-10-2020
2827,2827,Southern Wesleyan University,6,Central,South Carolina,09-10-2020
2828,2828,The Citadel,97,Charleston,South Carolina,09-10-2020
2829,2829,University of South Carolina,"1,192",Columbia,South Carolina,09-10-2020
2830,2830,University of South Carolina Aiken,18,Aiken,South Carolina,09-10-2020
2831,2831,University of South Carolina Beaufort,11,Blufton,South Carolina,09-10-2020
2832,2832,University of South Carolina Upstate,12,Spartanburg,South Carolina,09-10-2020
2833,2833,Winthrop University,1,Rock Hill,South Carolina,09-10-2020
2834,2834,Wofford College,12,Spartanburg,South Carolina,09-10-2020
2835,2835,Augustana University,31,Sioux Falls,South Dakota,09-10-2020
2836,2836,Black Hills State University,11,Spearfish,South Dakota,09-10-2020
2837,2837,Dakota State University,2,Madison,South Dakota,09-10-2020
2838,2838,Mount Marty College,21,Yankton,South Dakota,09-10-2020
2839,2839,Northern State University,24,Aberdeen,South Dakota,09-10-2020
2840,2840,South Dakota School of Mines and Technology,8,Rapid City,South Dakota,09-10-2020
2841,2841,South Dakota State University,91,Brookings,South Dakota,09-10-2020
2842,2842,University of South Dakota,242,Vermillion,South Dakota,09-10-2020
2843,2843,Austin Peay State University,70,Clarksville,Tennessee,09-10-2020
2844,2844,Bethel University,48,McKenzie,Tennessee,09-10-2020
2845,2845,Chattanooga State Community College,27,Chattanooga,Tennessee,09-10-2020
2846,2846,Christian Brothers University,1,Memphis,Tennessee,09-10-2020
2847,2847,Cleveland State Community College,10,Cleveland,Tennessee,09-10-2020
2848,2848,Columbia State Community College,26,Columbia,Tennessee,09-10-2020
2849,2849,Dyersburg State Community College,16,Dyersburg,Tennessee,09-10-2020
2850,2850,East Tennessee State University,130,Johnson City,Tennessee,09-10-2020
2851,2851,Jackson State Community College,16,Jackson,Tennessee,09-10-2020
2852,2852,Lincoln Memorial University,42,Harrogate,Tennessee,09-10-2020
2853,2853,Lipscomb University,72,Nashville,Tennessee,09-10-2020
2854,2854,Middle Tennessee State University,91,Murfreesboro,Tennessee,09-10-2020
2855,2855,Milligan University,11,Milligan College,Tennessee,09-10-2020
2856,2856,Motlow State Community College,23,Tullahoma,Tennessee,09-10-2020
2857,2857,Nashville State Community College,21,Nashville,Tennessee,09-10-2020
2858,2858,Northeast State Community College,18,Blountville,Tennessee,09-10-2020
2859,2859,Pellissippi State Community College,14,Knoxville,Tennessee,09-10-2020
2860,2860,Rhodes College,1,Memphis,Tennessee,09-10-2020
2861,2861,Roane State Community College,13,Harriman,Tennessee,09-10-2020
2862,2862,Southwest Tennessee Community College,3,Memphis,Tennessee,09-10-2020
2863,2863,Tennessee College of Applied Technology- Nashville,16,Nashville,Tennessee,09-10-2020
2864,2864,Tennessee College of Applied Technology-Athens,6,Athens,Tennessee,09-10-2020
2865,2865,Tennessee College of Applied Technology-Covington,4,Covington,Tennessee,09-10-2020
2866,2866,Tennessee College of Applied Technology-Crossville,16,Crossville,Tennessee,09-10-2020
2867,2867,Tennessee College of Applied Technology-Crump,9,Crump,Tennessee,09-10-2020
2868,2868,Tennessee College of Applied Technology-Dickson,19,Dickson,Tennessee,09-10-2020
2869,2869,Tennessee College of Applied Technology-Elizabethton,9,Elizabethton,Tennessee,09-10-2020
2870,2870,Tennessee College of Applied Technology-Harriman,2,Harriman,Tennessee,09-10-2020
2871,2871,Tennessee College of Applied Technology-Hartsville,4,Hartsville,Tennessee,09-10-2020
2872,2872,Tennessee College of Applied Technology-Jacksboro,4,Jacksboro,Tennessee,09-10-2020
2873,2873,Tennessee College of Applied Technology-Jackson,3,Jackson,Tennessee,09-10-2020
2874,2874,Tennessee College of Applied Technology-Knoxville,5,Knoxville,Tennessee,09-10-2020
2875,2875,Tennessee College of Applied Technology-Livingston,6,Livingston,Tennessee,09-10-2020
2876,2876,Tennessee College of Applied Technology-McKenzie,5,McKenzie,Tennessee,09-10-2020
2877,2877,Tennessee College of Applied Technology-McMinnville,5,McMinnville,Tennessee,09-10-2020
2878,2878,Tennessee College of Applied Technology-Memphis,5,Memphis,Tennessee,09-10-2020
2879,2879,Tennessee College of Applied Technology-Morristown,7,Morristown,Tennessee,09-10-2020
2880,2880,Tennessee College of Applied Technology-Murfreesboro,16,Murfreesboro,Tennessee,09-10-2020
2881,2881,Tennessee College of Applied Technology-Newbern,13,Newbern,Tennessee,09-10-2020
2882,2882,Tennessee College of Applied Technology-Oneida/Huntsville,2,Huntsville,Tennessee,09-10-2020
2883,2883,Tennessee College of Applied Technology-Paris,2,Paris,Tennessee,09-10-2020
2884,2884,Tennessee College of Applied Technology-Pulaski,2,Pulaski,Tennessee,09-10-2020
2885,2885,Tennessee College of Applied Technology-Ripley,17,Ripley,Tennessee,09-10-2020
2886,2886,Tennessee College of Applied Technology-Shelbyville,2,Shelbyville,Tennessee,09-10-2020
2887,2887,Tennessee College of Applied Technology-Whiteville,12,Whiteville,Tennessee,09-10-2020
2888,2888,Tennessee State University,1,Nashville,Tennessee,09-10-2020
2889,2889,Tennessee Technological University,6,Cookeville,Tennessee,09-10-2020
2890,2890,The University of the South,21,Sewanee,Tennessee,09-10-2020
2891,2891,Trevecca Nazarene University,5,Nashville,Tennessee,09-10-2020
2892,2892,Tusculum University,5,Greenville,Tennessee,09-10-2020
2893,2893,Union University,14,Jackson,Tennessee,09-10-2020
2894,2894,University of Memphis,15,Memphis,Tennessee,09-10-2020
2895,2895,University of Tennessee Health Science Center*,124,Memphis,Tennessee,09-10-2020
2896,2896,University of Tennessee at Chattanooga,282,Chattanooga,Tennessee,09-10-2020
2897,2897,University of Tennessee at Martin,55,Martin,Tennessee,09-10-2020
2898,2898,"University of Tennessee, Knoxville",419,Knoxville,Tennessee,09-10-2020
2899,2899,Vanderbilt University,37,Nashville,Tennessee,09-10-2020
2900,2900,Volunteer State Community College,27,Gallatin,Tennessee,09-10-2020
2901,2901,Walters State Community College,9,Morristown,Tennessee,09-10-2020
2902,2902,Abilene Christian University,38,Abilene,Texas,09-10-2020
2903,2903,Angelo State University,42,San Angelo,Texas,09-10-2020
2904,2904,Austin College,4,Sherman,Texas,09-10-2020
2905,2905,Austin Community College District,12,Austin,Texas,09-10-2020
2906,2906,Baylor University,689,Waco,Texas,09-10-2020
2907,2907,Brazosport College,1,Richwood,Texas,09-10-2020
2908,2908,Grayson College,6,Dension,Texas,09-10-2020
2909,2909,Houston Baptist University,2,Houston,Texas,09-10-2020
2910,2910,Lamar University,71,Beaumont,Texas,09-10-2020
2911,2911,Midland College,7,Midland,Texas,09-10-2020
2912,2912,Midwestern State University,19,Wichita Falls,Texas,09-10-2020
2913,2913,Odessa College,10,Odessa,Texas,09-10-2020
2914,2914,Prairie View A&M University,74,Prairie View,Texas,09-10-2020
2915,2915,Rice University,82,Houston,Texas,09-10-2020
2916,2916,Saint Edward's University,1,Austin,Texas,09-10-2020
2917,2917,Sam Houston State University,169,Huntsville,Texas,09-10-2020
2918,2918,Schreiner University,1,Kerriville,Texas,09-10-2020
2919,2919,South Texas College,67,McAllen,Texas,09-10-2020
2920,2920,Southern Methodist University,113,Dallas,Texas,09-10-2020
2921,2921,Southwestern University,5,Georgetown,Texas,09-10-2020
2922,2922,St. Mary's University,15,San Antonio,Texas,09-10-2020
2923,2923,Stephen F. Austin State University,42,Nacogdoches,Texas,09-10-2020
2924,2924,Sul Ross State University,1,Alpine,Texas,09-10-2020
2925,2925,Tarleton State University,48,Stephenville,Texas,09-10-2020
2926,2926,Texas A&M International University,41,Laredo,Texas,09-10-2020
2927,2927,Texas A&M University,752,College Station,Texas,09-10-2020
2928,2928,Texas A&M University-Central Texas,8,Kileen,Texas,09-10-2020
2929,2929,Texas A&M University-Commerce,33,Commerce,Texas,09-10-2020
2930,2930,Texas A&M University-Corpus Christi,15,Corpus Christi,Texas,09-10-2020
2931,2931,Texas A&M University-Kingsville,54,Kingsville,Texas,09-10-2020
2932,2932,Texas A&M University-San Antonio,28,San Antonio,Texas,09-10-2020
2933,2933,Texas A&M University-Texarkana,18,Texarkana,Texas,09-10-2020
2934,2934,Texas Christian University,883,Fort Worth,Texas,09-10-2020
2935,2935,Texas College,1,Tyler,Texas,09-10-2020
2936,2936,Texas Lutheran University,4,Seguin,Texas,09-10-2020
2937,2937,Texas Southern University,1,Houston,Texas,09-10-2020
2938,2938,Texas State University,232,San Marcos,Texas,09-10-2020
2939,2939,Texas Tech University,551,Lubbock,Texas,09-10-2020
2940,2940,Texas Tech University Health Sciences Center*,194,Lubbock,Texas,09-10-2020
2941,2941,Texas Tech University Health Sciences Center El Paso*,57,El Paso,Texas,09-10-2020
2942,2942,Texas Wesleyan University,16,Fort Worth,Texas,09-10-2020
2943,2943,Texas Womans University,11,Denton,Texas,09-10-2020
2944,2944,Trinity University,12,San Antonia,Texas,09-10-2020
2945,2945,Tyler Junior College,32,Tyler,Texas,09-10-2020
2946,2946,University of Dallas,4,Irving,Texas,09-10-2020
2947,2947,University of Houston,186,Houston,Texas,09-10-2020
2948,2948,University of Houston-Downtown,68,Houston,Texas,09-10-2020
2949,2949,University of Houston-Victoria,6,Victoria,Texas,09-10-2020
2950,2950,University of North Texas,37,Denton,Texas,09-10-2020
2951,2951,University of St. Thomas,2,Houston,Texas,09-10-2020
2952,2952,University of Texas Health Science Center at San Antonio*,210,San Antonio,Texas,09-10-2020
2953,2953,University of Texas Health Science Center at Tyler*,25,Tyler,Texas,09-10-2020
2954,2954,University of Texas Permian Basin,21,Odessa,Texas,09-10-2020
2955,2955,University of Texas Rio Grande Valley,101,Edinburg,Texas,09-10-2020
2956,2956,University of Texas Southwestern Medical Center*,256,Dallas,Texas,09-10-2020
2957,2957,University of Texas at Arlington,25,Arlington,Texas,09-10-2020
2958,2958,University of Texas at Austin,496,Austin,Texas,09-10-2020
2959,2959,University of Texas at Dallas,23,Dallas,Texas,09-10-2020
2960,2960,University of Texas at El Paso,103,El Paso,Texas,09-10-2020
2961,2961,University of Texas at San Antonio,5,San Antonio,Texas,09-10-2020
2962,2962,University of the Incarnate Word,1,San Antonio,Texas,09-10-2020
2963,2963,Wayland Baptist University,51,Plainview,Texas,09-10-2020
2964,2964,West Texas A&M University,24,Canyon,Texas,09-10-2020
2965,2965,Brigham Young University,188,Provo,Utah,09-10-2020
2966,2966,Dixie State University,15,St. George,Utah,09-10-2020
2967,2967,Snow College,2,Ephraim,Utah,09-10-2020
2968,2968,Southern Utah University,1,Cedar City,Utah,09-10-2020
2969,2969,University of Utah,188,Salt Lake City,Utah,09-10-2020
2970,2970,Utah State University,29,Logan,Utah,09-10-2020
2971,2971,Utah Valley University,1,Orem,Utah,09-10-2020
2972,2972,Weber State University,35,Ogden,Utah,09-10-2020
2973,2973,Westminster College,6,Salt Lake City,Utah,09-10-2020
2974,2974,Bennington College,1,Bennington,Vermont,09-10-2020
2975,2975,Castleton University,2,Castleton,Vermont,09-10-2020
2976,2976,Landmark College,1,Putney,Vermont,09-10-2020
2977,2977,Middlebury College,2,Middlebury,Vermont,09-10-2020
2978,2978,Norwich University,4,Northfield,Vermont,09-10-2020
2979,2979,University of Vermont,7,Burlington,Vermont,09-10-2020
2980,2980,Vermont Technical College,1,Randolph,Vermont,09-10-2020
2981,2981,University of the Virgin Islands,3,Charlotte Amalie,Virgin Islands,09-10-2020
2982,2982,Averett University,2,Danville,Virginia,09-10-2020
2983,2983,Bluefield College,28,Bluefield,Virginia,09-10-2020
2984,2984,Bridgewater College,2,Bridgewater,Virginia,09-10-2020
2985,2985,Christopher Newport University,4,Newport News,Virginia,09-10-2020
2986,2986,Danville Community College,4,Danville,Virginia,09-10-2020
2987,2987,Eastern Mennonite University,4,Harrisonburg,Virginia,09-10-2020
2988,2988,Eastern Virginia Medical School*,31,Norfolk,Virginia,09-10-2020
2989,2989,Ferrum College,3,Ferrum,Virginia,09-10-2020
2990,2990,George Mason University,10,Fairfax,Virginia,09-10-2020
2991,2991,Hampden-Sydney College,5,Hampden-Sydney,Virginia,09-10-2020
2992,2992,Hollins University,1,Roanoke,Virginia,09-10-2020
2993,2993,James Madison University,208,Harrisonburg,Virginia,09-10-2020
2994,2994,Longwood University,3,Farmville,Virginia,09-10-2020
2995,2995,Mary Baldwin University,1,Staunton,Virginia,09-10-2020
2996,2996,Marymount University,4,Arlington,Virginia,09-10-2020
2997,2997,Norfolk State University,2,Norfolk,Virginia,09-10-2020
2998,2998,Radford University,293,Radford,Virginia,09-10-2020
2999,2999,Roanoke College,36,Salem,Virginia,09-10-2020
3000,3000,Shenandoah University,15,Winchester,Virginia,09-10-2020
3001,3001,Southern Virginia University,2,Buena Vista,Virginia,09-10-2020
3002,3002,Sweet Briar College,7,Sweet Briar,Virginia,09-10-2020
3003,3003,University of Lynchburg,61,Lynchburg,Virginia,09-10-2020
3004,3004,University of Mary Washington,2,Fredericksburg,Virginia,09-10-2020
3005,3005,University of Richmond,9,Richmond,Virginia,09-10-2020
3006,3006,University of Virginia,119,Charlottesville,Virginia,09-10-2020
3007,3007,University of Virginia's College at Wise,2,Wise,Virginia,09-10-2020
3008,3008,Virginia Commonwealth University,122,Richmond,Virginia,09-10-2020
3009,3009,Virginia Highlands Community College,1,Abingdon,Virginia,09-10-2020
3010,3010,Virginia Military Institute,7,Lexington,Virginia,09-10-2020
3011,3011,Virginia Tech,178,Blacksburg,Virginia,09-10-2020
3012,3012,Virginia Union University,3,Richmond,Virginia,09-10-2020
3013,3013,Washington and Lee University,3,Lexington,Virginia,09-10-2020
3014,3014,William & Mary,2,Williamsburg,Virginia,09-10-2020
3015,3015,Centralia College,3,Centralia,Washington,09-10-2020
3016,3016,Clark College,1,Vancouver,Washington,09-10-2020
3017,3017,Clover Park Technical College,1,Lakewood,Washington,09-10-2020
3018,3018,Columbia Basin College,3,Pasco,Washington,09-10-2020
3019,3019,Eastern Washington University,14,Cheney,Washington,09-10-2020
3020,3020,Edmonds College,8,Lynnwood,Washington,09-10-2020
3021,3021,Gonzaga University,1,Spokane,Washington,09-10-2020
3022,3022,Green River College,3,Auburn,Washington,09-10-2020
3023,3023,Highline College,2,Des Moines,Washington,09-10-2020
3024,3024,Lake Washington Institute of Technology,1,Kirkland,Washington,09-10-2020
3025,3025,Lower Columbia College,1,Longview,Washington,09-10-2020
3026,3026,Northwest Indian College,2,Bellingham,Washington,09-10-2020
3027,3027,Olympic College,1,Bremerton,Washington,09-10-2020
3028,3028,Pierce College Fort Steilacoom,1,Lakewood,Washington,09-10-2020
3029,3029,Renton Technical College,2,Renton,Washington,09-10-2020
3030,3030,Seattle Central College,2,Seattle,Washington,09-10-2020
3031,3031,Seattle Pacific University,1,Seattle,Washington,09-10-2020
3032,3032,Seattle University,3,Seattle,Washington,09-10-2020
3033,3033,South Seattle College,1,Seattle,Washington,09-10-2020
3034,3034,Spokane Community College,5,Spokane,Washington,09-10-2020
3035,3035,Spokane Falls Community College,1,Spokane,Washington,09-10-2020
3036,3036,University of Puget Sound,9,Tacoma,Washington,09-10-2020
3037,3037,University of Washington,283,Seattle,Washington,09-10-2020
3038,3038,University of Washington Bothell,5,Bothell,Washington,09-10-2020
3039,3039,University of Washington Tacoma,10,Tacoma,Washington,09-10-2020
3040,3040,Washington State University,263,Pullman,Washington,09-10-2020
3041,3041,Wenatchee Valley College,2,Wenatchee,Washington,09-10-2020
3042,3042,Western Washington University,2,Bellingham,Washington,09-10-2020
3043,3043,Whatcom Community College,6,Bellingham,Washington,09-10-2020
3044,3044,Whitman College,2,Walla Walla,Washington,09-10-2020
3045,3045,American University,5,Washington,"Washington, D.C.",09-10-2020
3046,3046,Gallaudet University,1,Washington,"Washington, D.C.",09-10-2020
3047,3047,George Washington University,1,Washington,"Washington, D.C.",09-10-2020
3048,3048,Georgetown University,98,Washington,"Washington, D.C.",09-10-2020
3049,3049,University of the District of Columbia,1,Washington,"Washington, D.C.",09-10-2020
3050,3050,Concord University,9,Athens,West Virginia,09-10-2020
3051,3051,Davis & Elkins College,7,Elkins,West Virginia,09-10-2020
3052,3052,Fairmont State University,5,Fairmont,West Virginia,09-10-2020
3053,3053,Marshall University,55,Huntington,West Virginia,09-10-2020
3054,3054,Potomac State College of West Virginia University,2,Keyser,West Virginia,09-10-2020
3055,3055,Shepherd University,12,Shepherdstown,West Virginia,09-10-2020
3056,3056,University of Charleston,14,Charleston,West Virginia,09-10-2020
3057,3057,West Liberty University,3,West Liberty,West Virginia,09-10-2020
3058,3058,West Virginia State University,23,Institute,West Virginia,09-10-2020
3059,3059,West Virginia University,219,Morgantown,West Virginia,09-10-2020
3060,3060,West Virginia University Institute of Technology,2,Montgomery,West Virginia,09-10-2020
3061,3061,Wheeling University,2,Wheeling,West Virginia,09-10-2020
3062,3062,Carroll University,7,Waukesha,Wisconsin,09-10-2020
3063,3063,Edgewood College,12,Madison,Wisconsin,09-10-2020
3064,3064,Lakeland University,13,Plymouth,Wisconsin,09-10-2020
3065,3065,Marian University,16,Fond Du Lac,Wisconsin,09-10-2020
3066,3066,Marquette University,128,Milwaukee,Wisconsin,09-10-2020
3067,3067,Ripon College,2,Ripon,Wisconsin,09-10-2020
3068,3068,Saint Norbert College,3,De Pere,Wisconsin,09-10-2020
3069,3069,University of Wisconsin-Madison,145,Madison,Wisconsin,09-10-2020
3070,3070,University of Wisconsin-Milwaukee,58,Milwaukee,Wisconsin,09-10-2020
3071,3071,University of Wisconsin-Parkside,1,Somers,Wisconsin,09-10-2020
3072,3072,University of Wisconsin-Whitewater,18,Whitewater,Wisconsin,09-10-2020
3073,3073,Eastern Wyoming College,1,Torrington,Wyoming,09-10-2020
3074,3074,University of Wyoming,50,Laramie,Wyoming,09-10-2020
